secs,km,power,hr,cad,alt
0,0,189,113,88,2.4
1,0,168,114,90,2.4
2,0,184,116,92,2.4
3,0,169,117,94,2.4
4,0,172,119,94,2.4
5,0,172,120,94,2.4
6,0,164,121,96,2.2
7,0,176,122,96,2.2
8,0,168,123,96,2.2
9,0,168,123,97,2.2
10,0,173,124,98,2.2
11,0,172,126,98,2.2
12,0,170,127,98,2.2
13,0,186,128,98,2.2
14,0,186,129,97,2.2
15,0,121,130,76,2.2
16,0,231,130,81,2.2
17,0,258,132,84,2
18,0,254,133,86,2
19,0,237,134,87,2
20,0,222,135,88,2
21,0,210,136,88,2
22,0,224,137,89,2
23,0,219,137,89,2
24,0,219,138,90,2.2
25,0,189,139,90,2.2
26,0,240,139,90,2.2
27,0,203,140,91,2.2
28,0,190,140,90,2.2
29,0,235,140,91,2.2
30,0,225,141,91,2.2
31,0,196,141,91,2.2
32,0,214,142,91,2.2
33,0,191,142,91,2.2
34,0,224,142,92,2.2
35,0,203,142,92,2.2
36,0,183,142,92,2.4
37,0,207,143,91,2.4
38,0,213,144,91,2.4
39,0,198,145,91,2.4
40,0,198,145,92,2.4
41,0,186,147,91,2.4
42,0,186,147,91,2.4
43,0,201,148,90,2.4
44,0,226,148,91,2.2
45,0,176,149,91,2.2
46,0,183,149,90,2.2
47,0,184,149,90,2.2
48,0,184,150,90,2.2
49,0,181,150,90,2.2
50,0,181,150,90,2.2
51,0,178,151,89,2.2
52,0,176,151,89,2.2
53,0,190,152,89,2.2
54,0,187,152,89,2.2
55,0,188,153,89,2.2
56,0,171,153,89,2.2
57,0,179,154,89,2.2
58,0,188,154,90,2.2
59,0,190,154,90,2.2
60,0,159,155,90,2.2
61,0,178,155,90,2.2
62,0,186,155,90,2.2
63,0,169,156,90,2.2
64,0,182,156,90,2.2
65,0,182,156,90,2.2
66,0,175,156,90,2.2
67,0,191,156,90,2.2
68,0,175,156,90,2.2
69,0,180,156,90,2.2
70,0,184,156,91,2.2
71,0,179,156,91,2.2
72,0,161,155,90,2.2
73,0,168,155,90,2.2
74,0,176,154,90,2.2
75,0,185,154,90,2.2
76,0,174,153,90,2.2
77,0,158,153,90,2.2
78,0,204,153,91,2.2
79,0,152,154,91,2.2
80,0,157,154,91,2.2
81,0,172,154,92,2.2
82,0,193,154,93,2.2
83,0,209,153,94,2.2
84,0,172,153,94,2.2
85,0,144,153,94,2.2
86,0,135,153,93,2.2
87,0,158,153,93,2.2
88,0,142,153,93,2.2
89,0,173,154,93,2.2
90,0,160,154,93,2.2
91,0,160,154,92,2.2
92,0,171,153,91,2.2
93,0,164,153,91,2.2
94,0,187,153,91,2.2
95,0,171,153,92,2.2
96,0,168,152,92,2.2
97,0,179,152,92,2.2
98,0,171,152,92,2.2
99,0,167,152,93,2.2
100,0,169,152,92,2.2
101,0,189,151,93,2.2
102,0,168,151,93,2.2
103,0,158,152,92,2.2
104,0,171,151,92,2.2
105,0,166,151,91,2.2
106,0,154,151,91,2.2
107,0,152,151,90,2.2
108,0,168,151,90,2.2
109,0,168,151,90,2.2
110,0,181,151,90,2.2
111,0,166,150,91,2.2
112,0,172,150,91,2.2
113,0,156,151,91,2.2
114,0,191,151,92,2.2
115,0,116,151,93,2.2
116,0,0,151,93,2.2
117,0,0,150,93,2.2
118,0,0,147,93,2.2
119,0,0,142,0,2.2
120,0,0,140,0,2.2
121,0,0,140,0,2.2
122,0,69,140,27,2.2
123,0,200,140,87,2.2
124,0,223,141,90,2.2
125,0,212,141,92,2.2
126,0,205,142,92,2.2
127,0,179,143,93,2.2
128,0,244,144,94,2.2
129,0,190,144,94,2.2
130,0,176,144,94,2.2
131,0,174,145,93,2.2
132,0,204,146,94,2.2
133,0,186,147,94,2.2
134,0,207,148,95,2.2
135,0,196,149,95,2.2
136,0,196,149,95,2.2
137,0,190,150,96,2.2
138,0,192,150,96,2.2
139,0,181,149,95,2.2
140,0,182,149,95,2.2
141,0,182,149,95,2.2
142,0,178,149,96,2.2
143,0,162,148,95,2.2
144,0,213,147,95,2.2
145,0,184,147,95,2.2
146,0,197,147,95,2.2
147,0,193,147,95,2.2
148,0,187,148,95,2.2
149,0,187,148,95,2.2
150,0,192,150,95,2.2
151,0,183,150,95,2.2
152,0,186,151,95,2.2
153,0,178,151,95,2.2
154,0,185,151,94,2.2
155,0,197,151,94,2.2
156,0,186,150,94,2.2
157,0,193,151,95,2.2
158,0,179,150,95,2.2
159,0,156,150,94,2.2
160,0,189,150,95,2.2
161,0,189,149,95,2.2
162,0,178,149,95,2.2
163,0,166,149,94,2.2
164,0,201,149,95,2.2
165,0,171,149,94,2.2
166,0,187,149,94,2.2
167,0,185,149,94,2.2
168,0,199,148,94,2.2
169,0,172,147,94,2.2
170,0,179,147,94,2.2
171,0,179,146,94,2.4
172,0,172,145,94,2.4
173,0,159,145,94,2.4
174,0,159,144,94,2.4
175,0,157,143,94,2.4
176,0,157,142,94,2.4
177,0,184,142,94,2.4
178,0,164,142,95,2.4
179,0,185,141,95,2.4
180,0,168,141,95,2.4
181,0,168,141,95,2.4
182,0,176,141,95,2.4
183,0,168,141,95,2.4
184,0,0,141,98,2.4
185,0,0,140,98,2.4
186,0,0,139,98,2.4
187,0,0,139,0,2.4
188,0,42,135,24,2.4
189,0,198,134,79,2.4
190,0,248,133,81,2.4
191,0,225,133,82,2.4
192,0,111,134,85,2.4
193,0,111,135,85,2.4
194,0,112,136,37,2.4
195,0,264,138,37,2.4
196,0,264,139,82,2.4
197,0,285,140,87,2.4
198,0,248,141,89,2.4
199,0,243,143,89,2.4
200,0,270,144,90,2.4
201,0,233,144,91,2.4
202,0,229,146,91,2.4
203,0,254,146,91,2.4
204,0,225,148,92,2.4
205,0,255,148,92,2.4
206,0,233,150,92,2.4
207,0,248,151,93,2.4
208,0,233,152,92,2.4
209,0,230,152,93,2.4
210,0,239,153,93,2.4
211,0,239,153,92,2.4
212,0,245,153,93,2.4
213,0,233,154,93,2.4
214,0,224,154,93,2.4
215,0,242,155,93,2.4
216,0,237,156,93,2.4
217,0,230,157,92,2.4
218,0,244,158,92,2.4
219,0,244,159,92,2.4
220,0,244,160,93,2.4
221,0,238,161,93,2.2
222,0,225,163,93,2.2
223,0,238,163,93,2.2
224,0,243,164,93,2.2
225,0,229,164,93,2.2
226,0,247,164,93,2.2
227,0,229,165,93,2.2
228,0,214,165,93,2.2
229,0,240,165,93,2.2
230,0,222,165,93,2.2
231,0,222,165,92,2.2
232,0,235,165,91,2.2
233,0,221,165,92,2.2
234,0,227,165,91,2.2
235,0,223,165,91,2.2
236,0,223,166,91,2.2
237,0,234,166,91,2.2
238,0,222,166,92,2.2
239,0,229,166,92,2.2
240,0,231,166,92,2.2
241,0,206,167,91,2.2
242,0,224,167,91,2.2
243,0,230,167,91,2.2
244,0,201,166,91,2.2
245,0,232,166,91,2.2
246,0,201,165,91,2.2
247,0,228,164,91,2.2
248,0,226,163,91,2.2
249,0,204,162,91,2.2
250,0,224,161,91,2.2
251,0,215,160,92,2.2
252,0,270,159,93,2.2
253,0,213,159,94,2.2
254,0,228,159,93,2.2
255,0,222,160,93,2.2
256,0,254,160,93,2.2
257,0,194,160,93,2.2
258,0,240,161,93,2.2
259,0,233,162,93,2.2
260,0,219,163,93,2.2
261,0,216,164,92,2.2
262,0,232,164,92,2.2
263,0,232,165,92,2.2
264,0,222,166,92,2.2
265,0,215,167,92,2.2
266,0,215,168,92,2.2
267,0,228,168,92,2.2
268,0,224,168,92,2.2
269,0,231,169,92,2.2
270,0,217,169,92,2
271,0,237,168,92,2
272,0,228,168,92,2
273,0,244,169,92,2
274,0,238,169,92,2
275,0,240,169,93,2
276,0,227,168,92,2
277,0,218,168,92,2
278,0,253,169,93,2
279,0,235,169,94,2
280,0,224,169,94,2
281,0,224,169,93,2
282,0,234,169,93,2
283,0,217,169,93,2
284,0,217,170,92,2
285,0,206,170,92,2
286,0,217,169,91,2
287,0,215,170,91,2
288,0,222,170,91,2
289,0,218,170,91,2
290,0,213,170,91,2
291,0,214,170,91,2
292,0,214,170,91,2
293,0,213,169,91,2
294,0,233,169,91,2
295,0,197,169,91,2
296,0,217,169,91,2
297,0,200,168,92,2
298,0,206,168,91,2
299,0,210,167,91,2
300,0,205,166,91,2
301,0,229,166,91,2
302,0,227,166,91,2
303,0,212,166,91,2
304,0,228,166,91,2
305,0,200,166,91,2
306,0,200,166,91,2
307,0,219,166,91,1.8
308,0,244,166,92,1.8
309,0,208,167,92,1.8
310,0,217,167,92,1.8
311,0,224,167,92,1.8
312,0,216,167,92,1.8
313,0,235,167,92,1.8
314,0,229,167,91,1.8
315,0,229,168,91,1.8
316,0,232,168,91,1.8
317,0,249,168,92,1.8
318,0,262,169,92,1.8
319,0,220,169,92,1.8
320,0,228,169,92,1.8
321,0,228,169,91,1.8
322,0,237,169,91,1.8
323,0,220,170,91,1.8
324,0,226,170,91,1.8
325,0,218,170,91,1.8
326,0,218,170,91,1.8
327,0,207,170,91,1.8
328,0,218,170,91,1.8
329,0,221,170,92,1.8
330,0,214,170,92,1.8
331,0,222,169,92,1.8
332,0,222,169,91,1.8
333,0,219,170,92,1.8
334,0,232,170,92,1.8
335,0,206,170,92,1.8
336,0,230,170,92,1.8
337,0,211,171,92,1.8
338,0,216,171,92,1.8
339,0,210,172,92,1.8
340,0,205,172,91,1.8
341,0,221,172,91,1.8
342,0,221,173,91,1.8
343,0,200,173,91,1.8
344,0,236,172,91,1.8
345,0,236,173,92,1.8
346,0,214,172,92,1.8
347,0,214,172,93,1.8
348,0,211,171,93,1.8
349,0,219,172,92,1.8
350,0,206,172,92,1.8
351,0,206,172,92,1.8
352,0,218,172,92,1.6
353,0,217,172,92,1.6
354,0,0,172,92,1.6
355,0,0,172,92,1.6
356,0,0,172,0,1.6
357,0,216,172,92,1.6
358,0,205,172,92,1.6
359,0,205,171,92,1.6
360,0,215,171,92,1.6
361,0,211,171,92,1.6
362,0,211,171,92,1.6
363,0,235,171,92,1.6
364,0,199,170,92,1.6
365,0,241,170,92,1.6
366,0,226,170,93,1.6
367,0,218,170,93,1.6
368,0,225,169,93,1.6
369,0,225,170,93,1.6
370,0,225,170,93,1.6
371,0,211,170,93,1.6
372,0,237,170,93,1.6
373,0,216,171,92,1.6
374,0,217,171,93,1.6
375,0,213,172,92,1.6
376,0,212,172,92,1.6
377,0,212,172,92,1.6
378,0,215,172,91,1.6
379,0,220,172,92,1.6
380,0,226,171,92,1.6
381,0,222,171,93,1.6
382,0,206,170,92,1.6
383,0,230,170,93,1.6
384,0,220,170,93,1.6
385,0,207,170,93,1.8
386,0,207,170,93,1.8
387,0,207,170,93,1.8
388,0,209,170,93,1.8
389,0,219,170,92,1.8
390,0,224,170,93,1.8
391,0,225,170,93,1.8
392,0,210,169,93,1.8
393,0,217,169,93,1.8
394,0,209,170,93,1.8
395,0,207,170,93,1.8
396,0,205,170,93,1.6
397,0,192,171,93,1.6
398,0,229,171,94,1.6
399,0,190,170,92,1.6
400,0,218,171,92,1.6
401,0,263,171,92,1.6
402,0,207,171,92,1.6
403,0,233,171,93,1.6
404,0,223,171,93,1.6
405,0,208,171,93,1.6
406,0,195,171,93,1.6
407,0,203,170,93,1.6
408,0,231,169,93,1.6
409,0,228,168,94,1.6
410,0,216,167,94,1.6
411,0,215,167,94,1.6
412,0,215,167,93,1.6
413,0,213,167,93,1.6
414,0,221,167,93,1.6
415,0,194,167,93,1.6
416,0,210,167,93,1.6
417,0,203,167,92,1.6
418,0,226,167,92,1.6
419,0,238,167,93,1.6
420,0,202,167,93,1.6
421,0,202,167,94,1.6
422,0,217,168,94,1.6
423,0,194,168,93,1.6
424,0,219,168,93,1.6
425,0,213,169,93,1.6
426,0,212,169,92,1.6
427,0,217,170,93,1.6
428,0,228,170,93,1.6
429,0,221,170,93,1.6
430,0,232,170,93,1.6
431,0,213,170,93,1.6
432,0,213,169,93,1.6
433,0,224,169,93,1.6
434,0,214,169,93,1.6
435,0,213,170,93,1.6
436,0,213,170,94,1.6
437,0,209,170,94,1.6
438,0,211,171,93,1.6
439,0,213,171,93,1.6
440,0,216,172,93,1.6
441,0,191,172,93,1.6
442,0,214,173,94,1.6
443,0,193,172,93,1.6
444,0,212,173,93,1.6
445,0,237,173,95,1.6
446,0,230,174,95,1.6
447,0,209,174,95,1.6
448,0,192,174,94,1.6
449,0,208,175,93,1.6
450,0,209,175,92,1.6
451,0,224,175,92,1.6
452,0,224,176,92,1.6
453,0,210,176,92,1.6
454,0,203,176,92,1.6
455,0,203,177,92,1.6
456,0,219,176,93,1.6
457,0,225,176,93,1.6
458,0,234,176,94,1.6
459,0,216,176,94,1.6
460,0,214,176,94,1.6
461,0,201,176,94,1.6
462,0,215,176,94,1.6
463,0,215,175,94,1.8
464,0,209,176,93,1.8
465,0,207,175,93,1.8
466,0,185,176,93,1.8
467,0,216,175,93,1.8
468,0,210,175,93,1.8
469,0,210,176,93,1.8
470,0,209,176,93,1.8
471,0,216,175,93,1.8
472,0,219,175,93,1.8
473,0,219,176,93,1.8
474,0,205,175,94,1.8
475,0,204,175,94,1.8
476,0,217,176,94,1.8
477,0,212,175,94,1.8
478,0,224,175,94,1.8
479,0,215,174,94,1.8
480,0,220,174,94,1.8
481,0,219,173,94,1.8
482,0,214,172,94,1.8
483,0,245,171,94,1.8
484,0,195,170,94,1.8
485,0,198,170,93,1.8
486,0,216,169,93,1.8
487,0,213,168,93,1.8
488,0,213,168,93,1.8
489,0,212,168,93,1.8
490,0,227,167,93,1.8
491,0,202,167,93,1.8
492,0,212,167,93,1.8
493,0,218,167,93,1.8
494,0,208,167,92,1.8
495,0,210,167,92,1.8
496,0,218,167,92,1.8
497,0,220,167,92,1.8
498,0,228,167,93,1.8
499,0,212,167,93,1.8
500,0,226,168,93,2
501,0,234,168,93,2
502,0,227,168,93,2
503,0,230,168,94,2
504,0,220,168,93,2
505,0,230,169,94,1.8
506,0,225,168,94,1.8
507,0,217,169,94,1.8
508,0,221,169,94,1.8
509,0,222,169,94,1.8
510,0,217,170,94,1.8
511,0,202,170,94,1.8
512,0,210,170,93,1.8
513,0,221,170,94,1.8
514,0,211,171,94,1.8
515,0,224,170,94,1.8
516,0,222,171,95,1.8
517,0,225,170,95,1.8
518,0,225,171,94,1.8
519,0,221,171,94,1.8
520,0,215,170,93,1.8
521,0,183,171,93,1.8
522,0,221,171,93,1.8
523,0,212,171,93,1.8
524,0,214,171,93,1.8
525,0,227,172,94,1.8
526,0,208,172,94,1.8
527,0,198,173,94,1.8
528,0,200,173,93,1.8
529,0,211,173,93,1.8
530,0,265,172,94,1.8
531,0,213,173,94,1.8
532,0,211,173,94,1.8
533,0,206,172,93,1.8
534,0,214,172,93,1.8
535,0,213,172,93,1.8
536,0,231,172,94,1.8
537,0,225,172,94,1.8
538,0,204,173,94,1.8
539,0,207,172,94,1.8
540,0,223,173,94,1.8
541,0,199,173,94,1.8
542,0,218,172,94,1.8
543,0,218,173,94,1.8
544,0,213,174,93,1.8
545,0,231,174,94,1.8
546,0,211,174,94,1.6
547,0,209,174,94,1.6
548,0,216,174,94,1.6
549,0,223,174,95,1.6
550,0,205,174,94,1.6
551,0,195,174,94,1.6
552,0,219,173,94,1.6
553,0,217,173,94,1.6
554,0,227,173,94,1.6
555,0,212,173,94,1.6
556,0,246,172,95,1.6
557,0,233,172,95,1.6
558,0,216,172,95,1.6
559,0,222,172,95,1.6
560,0,228,171,94,1.6
561,0,231,171,94,1.6
562,0,240,172,95,1.6
563,0,233,172,95,1.6
564,0,234,172,96,1.6
565,0,240,173,96,1.6
566,0,207,173,96,1.6
567,0,214,174,96,1.6
568,0,214,174,96,1.6
569,0,247,174,96,1.6
570,0,225,175,96,1.4
571,0,210,175,96,1.4
572,0,227,175,96,1.6
573,0,215,176,95,1.6
574,0,224,176,96,1.6
575,0,202,176,95,1.6
576,0,209,176,95,1.6
577,0,211,176,95,1.6
578,0,211,176,95,1.6
579,0,226,177,94,1.6
580,0,221,176,94,1.6
581,0,215,176,94,1.6
582,0,225,176,94,1.6
583,0,225,176,95,1.6
584,0,206,175,94,1.6
585,0,226,175,94,1.6
586,0,251,175,94,1.6
587,0,251,175,96,1.6
588,0,203,175,95,1.6
589,0,208,175,93,1.6
590,0,210,176,93,1.6
591,0,226,175,93,1.6
592,0,219,176,93,1.6
593,0,223,176,93,1.6
594,0,211,177,93,1.4
595,0,240,177,93,1.4
596,0,217,177,93,1.4
597,0,202,178,93,1.4
598,0,235,178,93,1.4
599,0,210,178,94,1.4
600,0,207,178,93,1.4
601,0,214,178,93,1.4
602,0,205,178,93,1.4
603,0,219,178,93,1.4
604,0,216,179,93,1.4
605,0,228,179,93,1.4
606,0,212,178,93,1.4
607,0,213,178,93,1.4
608,0,213,178,93,1.4
609,0,215,178,93,1.4
610,0,210,177,93,1.4
611,0,219,177,93,1.4
612,0,233,176,93,1.4
613,0,213,176,93,1.4
614,0,222,176,94,1.4
615,0,195,175,94,1.4
616,0,270,175,95,1.4
617,0,209,175,95,1.4
618,0,205,175,94,1.4
619,0,231,175,95,1.4
620,0,212,174,95,1.4
621,0,195,174,95,1.4
622,0,212,174,94,1.4
623,0,212,174,94,1.4
624,0,213,174,93,1.4
625,0,207,173,93,1.4
626,0,218,173,93,1.4
627,0,232,174,94,1.4
628,0,210,174,93,1.4
629,0,226,174,94,1.4
630,0,214,175,94,1.4
631,0,214,175,93,1.4
632,0,205,175,93,1.4
633,0,205,175,93,1.4
634,0,229,176,93,1.4
635,0,215,176,93,1.4
636,0,215,176,94,1.4
637,0,216,176,93,1.4
638,0,226,176,93,1.4
639,0,200,176,93,1.4
640,0,237,176,92,1.4
641,0,219,176,93,1.4
642,0,211,176,93,1.4
643,0,222,176,93,1.4
644,0,211,176,93,1.4
645,0,195,176,92,1.4
646,0,222,176,92,1.4
647,0,206,176,92,1.4
648,0,206,176,92,1.4
649,0,228,176,92,1.4
650,0,207,175,92,1.4
651,0,229,176,92,1.4
652,0,199,175,92,1.2
653,0,210,175,92,1.2
654,0,223,176,92,1.2
655,0,213,175,92,1.2
656,0,207,175,92,1.2
657,0,207,175,93,1.2
658,0,220,175,93,1.2
659,0,215,175,93,1.2
660,0,219,175,93,1.2
661,0,227,175,93,1.2
662,0,240,175,94,1.2
663,0,228,175,94,1.2
664,0,222,175,94,1.2
665,0,234,175,95,1.2
666,0,220,175,95,1.2
667,0,220,175,95,1.2
668,0,207,175,95,1.2
669,0,216,176,95,1.2
670,0,226,175,96,1.2
671,0,191,175,95,1.2
672,0,205,175,95,1.2
673,0,205,175,93,1.2
674,0,197,174,93,1.2
675,0,192,174,92,1.2
676,0,220,173,92,1.2
677,0,229,173,93,1.2
678,0,207,172,93,1.2
679,0,205,172,92,1.2
680,0,195,171,92,1.2
681,0,234,172,92,1.2
682,0,227,172,94,1.2
683,0,178,172,93,1.2
684,0,204,173,92,1.2
685,0,218,173,93,1.2
686,0,214,173,93,1.2
687,0,234,174,94,1.2
688,0,219,174,94,1.2
689,0,231,174,94,1.2
690,0,232,175,95,1.2
691,0,237,175,95,1.2
692,0,218,175,95,1.2
693,0,218,176,95,1.2
694,0,222,176,95,1.2
695,0,218,176,95,1.2
696,0,213,177,95,1.2
697,0,228,177,95,1.2
698,0,233,177,95,1.2
699,0,233,178,95,1.2
700,0,216,178,95,1.2
701,0,211,178,95,1.2
702,0,0,178,95,1.2
703,0,0,178,95,1.2
704,0,0,178,0,1.2
705,0,204,179,94,1.2
706,0,127,178,94,1.2
707,0,223,178,94,1.2
708,0,190,178,94,1.2
709,0,217,178,94,1.2
710,0,203,178,93,1.2
711,0,187,178,93,1.2
712,0,212,177,93,1.2
713,0,226,176,94,1.2
714,0,210,176,94,1.2
715,0,218,175,94,1.2
716,0,225,175,94,1.2
717,0,226,175,94,1.2
718,0,232,175,94,1.2
719,0,221,175,94,1.2
720,0,227,174,94,1.2
721,0,177,175,94,1.2
722,0,203,175,94,1.2
723,0,203,176,93,1.2
724,0,218,176,93,1.2
725,0,195,176,93,1.2
726,0,209,176,93,1.2
727,0,216,176,93,1.2
728,0,210,177,93,1.2
729,0,222,177,93,1.2
730,0,0,177,93,1.2
731,0,0,176,93,1.2
732,0,0,176,0,1.2
733,0,0,176,0,1.2
734,0,206,175,93,1.2
735,0,0,175,93,1.2
736,0,0,175,93,1.2
737,0,0,174,0,1.2
738,0,0,174,0,1.2
739,0,207,174,93,1.2
740,0,197,174,93,1.2
741,0,192,174,93,1.2
742,0,218,174,93,1.2
743,0,218,174,93,1.2
744,0,197,174,93,1.2
745,0,209,174,93,1.2
746,0,211,174,93,1.4
747,0,208,173,93,1.4
748,0,225,173,93,1.4
749,0,203,173,93,1.4
750,0,231,173,93,1.4
751,0,221,173,94,1.4
752,0,229,173,94,1.4
753,0,218,173,94,1.4
754,0,218,173,94,1.4
755,0,214,173,94,1.4
756,0,232,173,95,1.4
757,0,224,174,95,1.4
758,0,225,173,95,1.4
759,0,217,174,95,1.4
760,0,214,174,91,1.4
761,0,223,175,89,1.4
762,0,234,175,89,1.4
763,0,231,175,89,1.4
764,0,231,175,90,1.4
765,0,226,175,90,1.4
766,0,235,175,91,1.4
767,0,248,175,91,1.4
768,0,221,176,91,1.4
769,0,226,176,92,1.4
770,0,220,176,92,1.4
771,0,216,176,92,1.4
772,0,213,177,92,1.2
773,0,203,177,91,1.2
774,0,216,177,91,1.2
775,0,216,177,91,1.2
776,0,231,178,91,1.2
777,0,209,178,91,1.2
778,0,224,178,91,1.2
779,0,225,178,91,1.2
780,0,220,177,91,1.2
781,0,221,177,91,1.2
782,0,230,177,91,1.2
783,0,218,177,91,1.2
784,0,218,177,91,1.2
785,0,224,177,91,1.2
786,0,234,177,91,1.2
787,0,214,177,91,1.2
788,0,191,177,91,1.2
789,0,217,177,91,1.2
790,0,221,178,91,1.2
791,0,229,178,91,1.2
792,0,220,177,91,1.2
793,0,224,178,91,1.2
794,0,219,178,91,1.2
795,0,224,178,92,1.2
796,0,246,177,93,1.2
797,0,230,177,93,1.2
798,0,215,177,93,1.2
799,0,215,178,92,1.2
800,0,236,177,92,1.2
801,0,208,177,91,1.2
802,0,213,177,91,1.2
803,0,205,177,91,1.2
804,0,220,177,91,1.2
805,0,222,178,91,1.2
806,0,263,177,92,1.2
807,0,218,177,92,1.2
808,0,202,177,91,1.2
809,0,222,177,91,1.2
810,0,222,177,91,1.2
811,0,233,177,92,1.2
812,0,253,177,92,1.2
813,0,253,176,93,1.2
814,0,225,176,93,1.2
815,0,242,177,93,1.2
816,0,243,177,93,1.2
817,0,238,176,93,1.2
818,0,239,177,93,1.2
819,0,226,176,93,1.2
820,0,231,176,93,1.2
821,0,216,176,93,1.2
822,0,229,176,93,1.2
823,0,204,176,92,1.2
824,0,230,176,92,1.2
825,0,219,176,92,1.2
826,0,217,176,92,1.2
827,0,230,176,92,1.2
828,0,240,176,92,1.2
829,0,223,176,92,1.2
830,0,225,175,92,1.2
831,0,251,176,93,1.2
832,0,219,176,93,1.2
833,0,235,176,93,1.2
834,0,239,176,93,1.2
835,0,225,176,87,1.2
836,0,249,176,86,1.2
837,0,230,176,86,1.2
838,0,248,176,87,1.2
839,0,230,175,87,1.2
840,0,241,175,87,1.2
841,0,237,175,88,1.2
842,0,120,175,91,1.2
843,0,181,175,92,1.2
844,0,159,174,93,1.2
845,0,195,174,96,1.2
846,0,209,175,95,1.2
847,0,201,174,95,1.2
848,0,250,174,95,1.2
849,0,218,174,95,1.2
850,0,186,174,95,1.2
851,0,193,174,95,1.2
852,0,197,174,94,1.2
853,0,225,174,94,1.2
854,0,230,174,94,1.2
855,0,243,174,94,1.2
856,0,231,174,96,1.2
857,0,246,174,96,1.2
858,0,224,174,96,1.2
859,0,224,174,97,1.2
860,0,229,175,97,1.2
861,0,241,175,97,1.2
862,0,241,176,97,1.2
863,0,212,177,96,1.2
864,0,215,177,96,1.2
865,0,203,178,96,1.2
866,0,197,179,95,1.2
867,0,197,179,95,1.2
868,0,207,180,95,1.2
869,0,207,180,94,1.2
870,0,203,181,94,1.2
871,0,189,181,94,1.2
872,0,221,182,95,1.2
873,0,214,182,95,1.2
874,0,214,182,95,1.2
875,0,224,183,94,1.2
876,0,187,182,93,1.2
877,0,207,183,93,1.2
878,0,190,182,93,1.2
879,0,216,183,93,1.2
880,0,203,182,92,1.2
881,0,206,182,92,1.2
882,0,204,182,93,1.2
883,0,197,181,92,1.2
884,0,207,181,92,1.2
885,0,218,181,92,1.2
886,0,210,180,92,1.2
887,0,212,180,92,1.2
888,0,213,180,93,1.2
889,0,210,180,93,1.2
890,0,222,180,93,1.2
891,0,216,179,93,1.2
892,0,210,179,93,1.2
893,0,210,179,93,1.2
894,0,207,179,93,1.2
895,0,203,179,92,1.2
896,0,206,179,92,1.2
897,0,205,179,92,1.2
898,0,211,179,92,1.2
899,0,195,179,91,1.2
900,0,207,180,91,1.2
901,0,209,179,92,1.2
902,0,230,179,92,1.2
903,0,210,179,92,1.2
904,0,237,179,93,1.2
905,0,219,179,93,1.2
906,0,214,179,93,1.2
907,0,241,179,93,1.2
908,0,252,179,93,1.2
909,0,252,179,95,1.2
910,0,247,179,96,1.2
911,0,240,179,97,1.2
912,0,235,180,97,1.2
913,0,247,180,98,1.2
914,0,251,180,98,1.2
915,0,251,180,98,1.2
916,0,249,180,99,1.2
917,0,254,180,100,1.2
918,0,294,180,101,1.2
919,0,268,180,102,1.2
920,0,256,180,102,1.2
921,0,253,180,102,1.2
922,0,256,180,102,1.2
923,0,258,181,103,1.2
924,0,273,180,103,1
925,0,293,181,104,1
926,0,271,181,106,1
927,0,288,181,106,1
928,0,296,181,108,1
929,0,308,181,109,1
930,0,355,181,112,1
931,0,377,181,115,1
932,0,379,182,118,1
933,0,410,182,121,1
934,0,420,182,121,1
935,0,420,182,126,1
936,0,220,183,126,1
937,0,155,183,118,1
938,0,29,183,118,1
939,0,29,183,118,1
940,0,29,183,87,1
941,0,161,183,98,1
942,0,194,183,96,1
943,0,193,183,96,1
944,0,193,182,95,1
945,0,203,182,94,1
946,0,202,182,94,1
947,0,196,181,94,1
948,0,225,181,94,1
949,0,207,181,94,1
950,0,207,181,93,1
951,0,218,181,94,1
952,0,189,181,93,1.2
953,0,214,181,93,1.2
954,0,193,181,93,1.2
955,0,201,182,93,1.2
956,0,176,182,92,1.2
957,0,236,182,92,1.2
958,0,57,183,93,1.2
959,0,58,183,40,1.2
960,0,237,184,89,1.2
961,0,187,184,90,1.2
962,0,28,185,93,1.2
963,0,29,184,30,1.2
964,0,300,185,30,1.2
965,0,300,185,83,1.2
966,0,230,186,88,1
967,0,238,185,88,1
968,0,238,185,90,1
969,0,193,185,91,1
970,0,213,185,92,1
971,0,219,185,92,1
972,0,231,184,93,1
973,0,218,184,93,1
974,0,224,183,93,1
975,0,207,183,93,1
976,0,216,183,94,1
977,0,212,183,94,1
978,0,227,183,94,1
979,0,217,183,94,1
980,0,217,182,94,1
981,0,231,183,95,1
982,0,196,182,96,1
983,0,197,182,95,1
984,0,190,182,95,1
985,0,209,181,95,1
986,0,179,181,95,1
987,0,217,181,95,1
988,0,230,180,96,1
989,0,216,180,96,1
990,0,191,180,96,1
991,0,158,179,94,1
992,0,160,179,92,1
993,0,235,179,92,1
994,0,210,179,92,1
995,0,230,178,93,1
996,0,229,178,92,1
997,0,244,179,92,1
998,0,244,179,92,1
999,0,244,179,93,1
1000,0,219,180,93,1
1001,0,237,180,94,1
1002,0,226,181,94,1
1003,0,224,181,94,1
1004,0,222,182,94,1
1005,0,222,182,93,1
1006,0,222,183,93,1
1007,0,220,184,93,1
1008,0,216,184,93,1
1009,0,211,184,93,1
1010,0,229,184,93,1
1011,0,218,184,93,1
1012,0,222,184,93,1
1013,0,215,184,93,1
1014,0,209,185,93,1
1015,0,209,184,93,1
1016,0,214,184,93,1
1017,0,221,184,93,1
1018,0,216,184,92,0.8
1019,0,220,183,92,0.8
1020,0,220,183,93,0.8
1021,0,223,183,93,0.8
1022,0,226,182,93,0.8
1023,0,226,182,93,0.8
1024,0,223,182,93,0.8
1025,0,235,181,94,0.8
1026,0,224,181,94,0.8
1027,0,230,181,94,0.8
1028,0,213,181,94,0.8
1029,0,199,181,94,0.8
1030,0,222,181,93,0.8
1031,0,219,181,93,0.8
1032,0,225,181,93,1
1033,0,227,181,94,1
1034,0,233,181,94,1
1035,0,227,180,94,1
1036,0,221,180,94,1
1037,0,224,180,94,1
1038,0,218,181,94,1
1039,0,226,181,93,1
1040,0,204,181,93,1
1041,0,214,181,93,1
1042,0,218,182,93,1
1043,0,209,182,93,1
1044,0,227,182,93,1
1045,0,227,182,93,1
1046,0,211,182,93,1
1047,0,215,182,93,1
1048,0,215,182,93,1
1049,0,209,182,93,1
1050,0,219,182,93,0.8
1051,0,211,183,92,0.8
1052,0,200,182,92,0.8
1053,0,201,182,92,0.8
1054,0,182,182,92,0.8
1055,0,236,182,93,0.8
1056,0,232,181,93,0.8
1057,0,216,181,94,0.8
1058,0,212,181,94,0.8
1059,0,213,182,93,0.8
1060,0,204,181,93,0.8
1061,0,236,182,93,1
1062,0,225,182,93,1
1063,0,225,182,93,1
1064,0,212,182,93,1
1065,0,212,182,93,1
1066,0,211,182,93,1
1067,0,236,182,93,1
1068,0,243,182,94,1
1069,0,234,182,94,1
1070,0,220,182,95,1
1071,0,209,182,95,1
1072,0,232,182,95,1
1073,0,218,182,95,1
1074,0,201,182,94,1
1075,0,219,182,94,1
1076,0,222,182,94,1
1077,0,226,183,94,1
1078,0,215,183,94,0.8
1079,0,209,182,93,0.8
1080,0,209,182,93,0.8
1081,0,227,183,93,1
1082,0,227,182,93,1
1083,0,228,183,93,1
1084,0,216,182,94,1
1085,0,227,183,94,1
1086,0,227,182,94,1
1087,0,205,183,94,1
1088,0,210,183,94,1
1089,0,218,183,94,1
1090,0,213,183,94,1
1091,0,213,183,93,1
1092,0,229,183,93,1
1093,0,228,183,93,1
1094,0,210,183,93,1
1095,0,224,182,93,1
1096,0,204,182,92,1
1097,0,247,182,92,1
1098,0,237,182,92,1
1099,0,237,182,93,0.8
1100,0,236,182,93,0.8
1101,0,236,182,93,0.8
1102,0,229,181,94,0.8
1103,0,226,181,94,0.8
1104,0,220,182,95,0.8
1105,0,212,181,95,0.8
1106,0,212,181,94,0.8
1107,0,227,181,94,0.8
1108,0,217,181,94,0.8
1109,0,218,181,94,0.8
1110,0,207,180,94,0.8
1111,0,207,180,94,0.8
1112,0,206,180,93,0.8
1113,0,211,179,93,0.8
1114,0,211,179,93,0.8
1115,0,215,179,94,0.8
1116,0,214,178,93,0.8
1117,0,223,178,93,0.8
1118,0,227,178,93,0.8
1119,0,240,178,93,0.8
1120,0,221,178,93,0.8
1121,0,217,178,93,0.8
1122,0,234,178,93,0.8
1123,0,216,178,93,0.8
1124,0,217,178,93,0.8
1125,0,205,178,93,0.8
1126,0,240,178,93,0.8
1127,0,206,178,93,0.8
1128,0,217,178,93,0.8
1129,0,233,178,94,0.8
1130,0,238,178,94,0.8
1131,0,216,178,95,0.8
1132,0,224,179,95,0.8
1133,0,225,178,95,0.8
1134,0,223,179,95,0.8
1135,0,223,178,95,0.8
1136,0,223,178,95,0.8
1137,0,208,179,95,0.8
1138,0,222,179,94,0.8
1139,0,210,179,94,0.8
1140,0,219,180,94,0.8
1141,0,225,179,95,0.8
1142,0,212,179,95,0.8
1143,0,220,179,95,0.8
1144,0,196,179,94,0.8
1145,0,211,179,94,0.8
1146,0,210,180,93,0.8
1147,0,208,180,93,0.8
1148,0,222,180,93,0.8
1149,0,212,180,93,0.8
1150,0,234,180,93,0.8
1151,0,245,180,94,0.8
1152,0,186,181,95,0.8
1153,0,212,180,94,0.8
1154,0,219,180,94,0.8
1155,0,214,180,93,0.8
1156,0,214,180,93,0.8
1157,0,210,180,93,0.8
1158,0,202,181,93,0.8
1159,0,217,181,93,0.8
1160,0,227,181,93,0.8
1161,0,227,182,93,0.8
1162,0,202,182,93,0.8
1163,0,190,182,92,0.8
1164,0,193,183,92,0.8
1165,0,207,183,91,0.8
1166,0,211,183,92,0.8
1167,0,263,184,93,0.8
1168,0,243,184,96,0.8
1169,0,182,184,96,0.8
1170,0,183,184,96,0.8
1171,0,200,184,94,0.8
1172,0,223,184,94,0.8
1173,0,237,183,94,0.8
1174,0,241,183,94,0.8
1175,0,190,183,94,0.8
1176,0,215,183,94,0.8
1177,0,238,183,94,0.8
1178,0,200,182,94,0.8
1179,0,195,182,94,0.8
1180,0,202,183,94,0.8
1181,0,221,183,93,0.8
1182,0,228,183,94,0.8
1183,0,212,183,94,0.8
1184,0,211,183,94,0.8
1185,0,237,184,94,0.8
1186,0,237,184,94,0.8
1187,0,212,185,94,0.8
1188,0,218,185,94,0.8
1189,0,212,185,94,0.8
1190,0,212,185,94,0.8
1191,0,212,185,93,0.8
1192,0,213,185,93,0.8
1193,0,214,185,93,0.8
1194,0,227,185,92,0.8
1195,0,231,185,93,0.8
1196,0,215,185,93,0.8
1197,0,225,185,93,0.8
1198,0,228,185,93,0.8
1199,0,224,185,94,0.8
1200,0,208,185,94,0.8
1201,0,208,185,94,0.8
1202,0,213,185,93,0.8
1203,0,215,184,93,0.8
1204,0,208,184,93,0.6
1205,0,225,184,93,0.6
1206,0,225,183,93,0.6
1207,0,216,183,94,0.6
1208,0,214,183,94,0.6
1209,0,220,183,94,0.6
1210,0,216,183,93,0.6
1211,0,213,183,93,0.6
1212,0,219,183,93,0.6
1213,0,224,183,93,0.6
1214,0,217,183,92,0.8
1215,0,239,183,93,0.8
1216,0,223,183,93,0.8
1217,0,236,183,94,0.8
1218,0,224,184,94,0.8
1219,0,214,184,94,0.8
1220,0,211,183,94,0.8
1221,0,211,183,93,0.8
1222,0,201,183,93,0.8
1223,0,191,183,93,0.8
1224,0,209,182,93,0.8
1225,0,216,181,93,0.6
1226,0,216,180,92,0.6
1227,0,202,180,92,0.6
1228,0,202,180,92,0.6
1229,0,223,179,92,0.6
1230,0,227,179,92,0.6
1231,0,222,178,92,0.6
1232,0,215,178,92,0.6
1233,0,211,178,92,0.6
1234,0,215,178,92,0.6
1235,0,218,178,92,0.6
1236,0,218,178,92,0.6
1237,0,219,179,92,0.6
1238,0,233,179,93,0.8
1239,0,236,179,94,0.8
1240,0,211,178,94,0.8
1241,0,209,179,94,0.8
1242,0,208,179,93,0.8
1243,0,200,179,93,0.8
1244,0,218,180,92,0.8
1245,0,220,180,92,0.8
1246,0,220,180,93,0.8
1247,0,215,180,93,0.8
1248,0,227,181,93,0.8
1249,0,215,181,94,0.8
1250,0,227,181,94,0.8
1251,0,203,181,94,0.8
1252,0,223,181,95,0.8
1253,0,202,181,95,0.8
1254,0,220,181,94,0.8
1255,0,206,181,94,0.8
1256,0,218,181,94,0.8
1257,0,210,181,94,0.8
1258,0,204,181,94,0.8
1259,0,203,181,94,0.8
1260,0,194,180,94,0.8
1261,0,195,180,94,0.8
1262,0,206,180,93,0.8
1263,0,212,180,93,0.8
1264,0,219,180,93,0.8
1265,0,221,180,93,0.8
1266,0,221,181,93,0.8
1267,0,215,181,93,0.8
1268,0,218,181,93,0.8
1269,0,220,181,93,0.8
1270,0,219,182,93,0.8
1271,0,221,182,93,0.8
1272,0,226,182,93,0.8
1273,0,227,182,94,0.8
1274,0,226,183,94,0.8
1275,0,206,183,94,0.8
1276,0,202,183,94,0.8
1277,0,198,184,93,0.8
1278,0,199,184,93,0.8
1279,0,202,184,92,0.8
1280,0,219,183,92,0.8
1281,0,225,183,92,0.8
1282,0,224,183,93,0.8
1283,0,226,183,93,0.8
1284,0,227,183,93,0.8
1285,0,221,183,93,0.8
1286,0,228,183,93,0.8
1287,0,228,182,94,0.8
1288,0,197,182,94,0.8
1289,0,212,183,94,0.8
1290,0,212,183,93,0.8
1291,0,203,183,93,0.8
1292,0,207,183,92,0.8
1293,0,205,183,92,0.8
1294,0,213,183,92,0.8
1295,0,223,183,93,0.8
1296,0,211,183,93,0.8
1297,0,211,184,93,0.8
1298,0,205,183,92,0.8
1299,0,220,183,93,0.8
1300,0,218,183,93,0.8
1301,0,217,183,93,0.8
1302,0,212,183,93,1
1303,0,219,184,94,1
1304,0,218,184,94,1
1305,0,217,184,93,1
1306,0,211,184,93,1
1307,0,211,184,93,1
1308,0,217,183,94,1
1309,0,218,183,94,1
1310,0,225,183,95,1
1311,0,224,183,95,1
1312,0,224,183,95,1
1313,0,218,183,95,1
1314,0,226,182,95,0.8
1315,0,222,182,95,0.8
1316,0,222,183,95,0.8
1317,0,219,183,95,0.8
1318,0,205,182,94,0.8
1319,0,198,183,95,0.8
1320,0,173,183,94,0.8
1321,0,189,183,94,0.8
1322,0,209,182,93,0.8
1323,0,204,182,93,0.8
1324,0,213,182,93,0.8
1325,0,204,182,93,0.8
1326,0,198,181,93,0.8
1327,0,223,182,94,0.8
1328,0,186,182,94,0.8
1329,0,196,182,94,0.8
1330,0,233,182,94,0.8
1331,0,233,182,94,0.8
1332,0,218,182,95,0.8
1333,0,217,182,95,0.8
1334,0,179,182,94,0.8
1335,0,177,182,92,0.8
1336,0,202,182,92,0.8
1337,0,200,182,92,0.8
1338,0,218,181,94,0.8
1339,0,247,182,94,0.8
1340,0,195,182,94,0.8
1341,0,204,182,94,0.8
1342,0,210,183,94,0.8
1343,0,200,183,94,0.8
1344,0,211,183,94,0.8
1345,0,257,183,94,0.8
1346,0,203,184,94,0.8
1347,0,204,184,94,0.8
1348,0,208,184,93,0.8
1349,0,198,184,93,0.8
1350,0,210,184,93,0.8
1351,0,208,184,93,0.8
1352,0,200,185,93,0.8
1353,0,217,185,93,0.8
1354,0,206,185,93,0.8
1355,0,216,184,93,0.8
1356,0,209,184,93,0.8
1357,0,209,184,94,0.8
1358,0,201,184,94,0.8
1359,0,221,184,94,0.8
1360,0,218,184,94,0.8
1361,0,231,184,94,0.8
1362,0,238,183,94,0.8
1363,0,208,183,95,0.8
1364,0,214,183,96,0.8
1365,0,185,183,95,0.8
1366,0,221,183,95,0.8
1367,0,218,183,95,0.8
1368,0,195,184,94,0.8
1369,0,206,183,94,0.8
1370,0,211,183,94,0.8
1371,0,181,183,94,1
1372,0,197,183,94,1
1373,0,198,183,93,1
1374,0,202,183,93,1
1375,0,208,184,93,1
1376,0,231,183,94,1
1377,0,201,184,94,1
1378,0,208,184,94,1
1379,0,218,183,93,1
1380,0,192,183,93,0.8
1381,0,212,183,93,0.8
1382,0,212,183,93,0.8
1383,0,215,183,94,0.8
1384,0,216,183,94,0.8
1385,0,190,182,93,0.8
1386,0,214,182,93,0.8
1387,0,203,182,93,0.8
1388,0,205,182,93,0.8
1389,0,219,182,94,0.8
1390,0,209,182,94,0.8
1391,0,209,181,94,0.8
1392,0,209,182,95,0.8
1393,0,212,181,95,0.8
1394,0,205,181,95,0.8
1395,0,200,181,95,0.8
1396,0,226,181,95,0.8
1397,0,186,181,95,0.8
1398,0,195,181,94,0.8
1399,0,197,181,94,0.8
1400,0,201,181,94,0.8
1401,0,201,182,94,0.8
1402,0,206,182,94,0.8
1403,0,203,182,94,0.8
1404,0,189,182,93,0.8
1405,0,208,182,93,0.8
1406,0,208,182,93,0.8
1407,0,202,182,93,0.8
1408,0,209,182,93,0.8
1409,0,198,182,93,0.8
1410,0,203,183,93,0.8
1411,0,203,182,93,0.8
1412,0,200,182,93,0.8
1413,0,202,182,93,0.8
1414,0,201,182,93,0.8
1415,0,210,182,92,0.8
1416,0,200,182,92,0.8
1417,0,205,181,92,0.8
1418,0,210,181,92,0.8
1419,0,210,181,92,0.8
1420,0,209,181,93,0.8
1421,0,263,181,94,0.8
1422,0,194,180,93,0.8
1423,0,198,180,93,0.8
1424,0,222,180,93,1
1425,0,221,181,93,1
1426,0,216,180,93,1
1427,0,216,181,93,1
1428,0,221,181,93,1
1429,0,211,181,93,1
1430,0,219,181,94,1
1431,0,207,181,93,1
1432,0,198,182,93,1
1433,0,216,181,93,1
1434,0,224,181,92,1
1435,0,227,181,93,1
1436,0,223,181,93,1
1437,0,227,181,93,1
1438,0,219,181,93,1
1439,0,196,180,93,1
1440,0,222,181,93,1
1441,0,209,180,93,1
1442,0,223,180,93,1
1443,0,212,181,93,1
1444,0,218,181,93,1
1445,0,212,181,93,1
1446,0,212,181,93,1
1447,0,212,181,93,1
1448,0,202,180,93,1
1449,0,168,180,93,1
1450,0,215,180,93,1
1451,0,215,181,92,1
1452,0,202,181,92,1
1453,0,207,180,92,1
1454,0,216,181,92,1
1455,0,215,181,92,1
1456,0,198,181,92,1
1457,0,210,182,91,1
1458,0,210,182,91,1
1459,0,210,182,91,1
1460,0,206,182,91,1
1461,0,213,182,91,1
1462,0,213,182,91,1
1463,0,212,182,91,1
1464,0,223,182,92,1
1465,0,202,182,92,1
1466,0,217,182,92,1
1467,0,200,181,91,1
1468,0,215,181,91,1
1469,0,210,181,91,1
1470,0,211,181,91,1
1471,0,204,180,91,1
1472,0,206,180,91,1
1473,0,219,180,92,1
1474,0,232,180,92,1
1475,0,201,180,92,1
1476,0,230,180,93,1
1477,0,205,180,93,1
1478,0,200,180,92,1
1479,0,199,180,92,1
1480,0,228,180,92,1
1481,0,213,180,92,1
1482,0,198,181,92,1
1483,0,210,181,93,1
1484,0,181,181,92,1
1485,0,190,181,91,1
1486,0,196,181,91,1
1487,0,173,181,91,1
1488,0,237,181,91,1
1489,0,177,181,92,1
1490,0,183,181,91,1
1491,0,200,181,91,1
1492,0,207,181,91,0.8
1493,0,206,181,91,0.8
1494,0,211,182,91,0.8
1495,0,220,182,92,0.8
1496,0,214,183,92,0.8
1497,0,183,183,91,0.8
1498,0,225,184,91,0.8
1499,0,178,184,92,0.8
1500,0,167,184,92,0.8
1501,0,232,184,92,0.8
1502,0,196,184,92,0.8
1503,0,196,184,93,0.8
1504,0,203,184,93,0.8
1505,0,250,184,94,0.8
1506,0,191,184,93,0.8
1507,0,209,184,93,0.8
1508,0,219,183,93,0.8
1509,0,211,183,93,0.8
1510,0,207,183,94,0.8
1511,0,230,183,95,0.8
1512,0,216,183,95,0.8
1513,0,202,182,95,0.8
1514,0,213,183,95,0.8
1515,0,175,182,94,0.8
1516,0,183,182,94,0.8
1517,0,222,182,93,0.8
1518,0,210,182,94,0.8
1519,0,189,182,94,0.8
1520,0,196,182,93,0.8
1521,0,204,182,93,0.8
1522,0,191,183,93,0.8
1523,0,191,182,92,0.8
1524,0,207,183,92,0.8
1525,0,205,182,93,0.8
1526,0,180,183,93,0.8
1527,0,192,183,93,0.8
1528,0,204,183,93,0.8
1529,0,222,182,93,0.8
1530,0,219,183,94,0.8
1531,0,211,182,94,0.8
1532,0,221,182,94,0.8
1533,0,226,182,94,0.8
1534,0,204,182,94,0.8
1535,0,203,181,94,0.8
1536,0,208,181,94,0.8
1537,0,230,181,95,0.8
1538,0,182,181,95,0.8
1539,0,209,181,94,0.8
1540,0,201,182,94,0.8
1541,0,217,182,94,0.8
1542,0,217,182,94,0.8
1543,0,192,182,94,0.8
1544,0,190,182,93,0.8
1545,0,199,183,94,0.8
1546,0,198,183,93,0.8
1547,0,195,184,93,0.8
1548,0,195,184,93,0.8
1549,0,212,184,93,0.8
1550,0,186,185,94,0.8
1551,0,188,184,94,0.8
1552,0,192,184,93,0.8
1553,0,199,184,93,0.8
1554,0,192,184,93,0.8
1555,0,191,184,93,0.8
1556,0,183,183,92,0.8
1557,0,188,183,92,0.8
1558,0,193,183,91,0.8
1559,0,194,183,91,0.8
1560,0,207,183,91,0.8
1561,0,204,182,91,0.8
1562,0,204,183,91,0.8
1563,0,204,183,91,0.8
1564,0,194,183,90,0.8
1565,0,198,183,91,0.8
1566,0,212,184,91,0.8
1567,0,201,184,91,0.8
1568,0,227,184,91,0.8
1569,0,214,185,93,0.8
1570,0,188,186,92,0.8
1571,0,218,186,92,0.8
1572,0,192,187,92,0.8
1573,0,213,187,92,0.8
1574,0,236,187,92,0.8
1575,0,206,187,92,0.8
1576,0,199,187,92,0.8
1577,0,221,187,92,0.8
1578,0,221,187,92,0.8
1579,0,204,187,92,0.8
1580,0,212,187,91,0.8
1581,0,205,188,92,0.8
1582,0,206,187,92,0.6
1583,0,214,187,92,0.6
1584,0,190,187,91,0.6
1585,0,207,187,91,0.6
1586,0,207,187,91,0.6
1587,0,215,187,91,0.6
1588,0,198,186,91,0.6
1589,0,214,186,91,0.6
1590,0,223,186,91,0.6
1591,0,188,186,91,0.6
1592,0,207,186,91,0.6
1593,0,210,185,91,0.6
1594,0,204,185,92,0.6
1595,0,183,185,92,0.6
1596,0,206,185,93,0.6
1597,0,229,185,93,0.6
1598,0,225,184,93,0.6
1599,0,212,184,93,0.6
1600,0,214,184,94,0.6
1601,0,205,183,93,0.6
1602,0,208,183,93,0.6
1603,0,214,183,93,0.6
1604,0,203,182,93,0.6
1605,0,199,182,93,0.6
1606,0,190,182,92,0.6
1607,0,204,182,92,0.6
1608,0,219,182,92,0.6
1609,0,211,182,92,0.6
1610,0,198,181,92,0.6
1611,0,220,182,92,0.6
1612,0,215,181,92,0.6
1613,0,196,181,92,0.6
1614,0,214,182,92,0.6
1615,0,214,181,93,0.6
1616,0,217,182,93,0.6
1617,0,212,182,93,0.6
1618,0,212,181,94,0.6
1619,0,210,181,94,0.6
1620,0,192,181,94,0.6
1621,0,207,181,94,0.6
1622,0,202,181,93,0.6
1623,0,208,181,93,0.6
1624,0,205,181,94,0.6
1625,0,205,181,94,0.6
1626,0,223,181,95,0.6
1627,0,184,181,95,0.6
1628,0,184,181,95,0.6
1629,0,183,181,94,0.6
1630,0,208,181,95,0.6
1631,0,183,181,94,0.6
1632,0,210,180,94,0.6
1633,0,223,180,94,0.6
1634,0,192,180,93,0.6
1635,0,216,180,93,0.6
1636,0,200,180,93,0.6
1637,0,209,180,93,0.6
1638,0,209,180,93,0.6
1639,0,208,180,92,0.6
1640,0,217,180,92,0.6
1641,0,199,180,92,0.6
1642,0,224,180,92,0.6
1643,0,220,180,92,0.6
1644,0,207,180,92,0.6
1645,0,208,180,92,0.6
1646,0,220,180,92,0.6
1647,0,220,181,92,0.6
1648,0,210,180,92,0.6
1649,0,209,181,92,0.6
1650,0,209,181,92,0.6
1651,0,200,181,92,0.6
1652,0,219,181,92,0.6
1653,0,213,181,92,0.6
1654,0,205,181,92,0.6
1655,0,195,181,92,0.6
1656,0,207,181,92,0.6
1657,0,209,181,92,0.6
1658,0,206,181,92,0.6
1659,0,187,182,92,0.6
1660,0,207,181,92,0.6
1661,0,196,182,92,0.6
1662,0,202,182,92,0.6
1663,0,202,181,92,0.6
1664,0,212,182,92,0.6
1665,0,202,182,91,0.6
1666,0,225,181,91,0.6
1667,0,208,182,91,0.6
1668,0,198,182,91,0.6
1669,0,203,182,92,0.6
1670,0,184,182,92,0.6
1671,0,191,181,92,0.6
1672,0,185,182,91,0.6
1673,0,206,181,92,0.4
1674,0,194,182,92,0.4
1675,0,188,181,92,0.4
1676,0,188,181,92,0.4
1677,0,201,182,92,0.4
1678,0,192,181,92,0.4
1679,0,212,181,91,0.4
1680,0,197,181,92,0.4
1681,0,194,181,92,0.4
1682,0,202,181,92,0.4
1683,0,202,181,92,0.4
1684,0,212,181,92,0.4
1685,0,198,181,92,0.4
1686,0,197,181,91,0.4
1687,0,192,181,91,0.4
1688,0,197,181,91,0.4
1689,0,197,181,91,0.4
1690,0,197,181,92,0.4
1691,0,206,181,92,0.4
1692,0,196,180,91,0.4
1693,0,193,180,91,0.4
1694,0,205,180,92,0.4
1695,0,203,181,92,0.2
1696,0,200,180,91,0.2
1697,0,211,181,92,0.2
1698,0,191,180,92,0.2
1699,0,174,180,92,0.2
1700,0,240,180,93,0.2
1701,0,191,180,92,0.2
1702,0,191,180,92,0.2
1703,0,211,180,92,0.2
1704,0,188,180,91,0.2
1705,0,198,179,91,0.2
1706,0,204,179,90,0.2
1707,0,204,179,91,0.2
1708,0,215,179,91,0.2
1709,0,179,179,90,0.2
1710,0,196,180,90,0.2
1711,0,236,180,91,0.2
1712,0,176,181,91,0.2
1713,0,185,181,91,0.2
1714,0,185,181,90,0.2
1715,0,194,181,89,0.2
1716,0,114,181,88,0.2
1717,0,90,182,89,0.2
1718,0,90,182,89,0.2
1719,0,92,181,46,0.2
1720,0,222,182,85,0.2
1721,0,227,182,85,0.2
1722,0,227,181,85,0.2
1723,0,215,181,87,0.2
1724,0,234,182,89,0.2
1725,0,234,182,91,0.2
1726,0,238,181,92,0.2
1727,0,207,182,92,0.2
1728,0,198,182,92,0.2
1729,0,202,182,91,0.2
1730,0,212,182,92,0.2
1731,0,200,183,92,0.2
1732,0,202,183,92,0.2
1733,0,194,183,92,0.2
1734,0,194,183,92,0.2
1735,0,197,182,93,0.2
1736,0,173,183,92,0.2
1737,0,192,183,92,0.2
1738,0,185,183,92,0.2
1739,0,196,183,92,0.2
1740,0,204,183,91,0.2
1741,0,189,183,91,0.2
1742,0,203,183,91,0.2
1743,0,192,183,91,0.2
1744,0,196,182,91,0.2
1745,0,195,182,91,0.2
1746,0,200,183,91,0.2
1747,0,190,183,91,0.2
1748,0,194,183,90,0.2
1749,0,202,183,91,0.2
1750,0,204,183,91,0.2
1751,0,202,182,91,0.2
1752,0,212,183,91,0.2
1753,0,191,183,91,0.2
1754,0,209,183,92,0.2
1755,0,186,183,92,0.2
1756,0,204,183,92,0.2
1757,0,191,183,92,0.2
1758,0,193,183,92,0.2
1759,0,204,183,92,0.2
1760,0,195,183,92,0.2
1761,0,190,184,92,0.2
1762,0,195,184,92,0.2
1763,0,196,184,91,0.2
1764,0,197,184,92,0.2
1765,0,210,185,92,0.2
1766,0,198,185,92,0.2
1767,0,199,185,92,0.2
1768,0,166,185,92,0.2
1769,0,211,185,92,0.2
1770,0,193,186,92,0.2
1771,0,197,186,92,0.2
1772,0,186,186,92,0.2
1773,0,194,186,92,0.2
1774,0,185,186,92,0.2
1775,0,202,186,92,0.2
1776,0,198,186,92,0.2
1777,0,211,185,92,0.2
1778,0,206,185,92,0
1779,0,199,185,92,0
1780,0,199,185,92,0
1781,0,181,184,92,0
1782,0,176,184,92,0
1783,0,187,183,92,0
1784,0,208,183,92,0
1785,0,201,182,92,0
1786,0,203,182,92,0
1787,0,194,182,92,0
1788,0,194,182,92,0
1789,0,206,182,92,0
1790,0,204,182,93,0
1791,0,187,182,92,0
1792,0,199,182,92,0
1793,0,196,182,92,0
1794,0,215,182,92,0
1795,0,199,182,92,0
1796,0,212,182,92,0
1797,0,198,183,92,0
1798,0,187,183,91,0
1799,0,195,183,91,0
1800,0,196,183,91,0
1801,0,211,183,91,0
1802,0,205,183,92,0
1803,0,214,183,92,0
1804,0,214,184,93,0
1805,0,194,183,93,0
1806,0,194,183,92,0
1807,0,200,183,92,0
1808,0,206,183,92,0
1809,0,191,183,92,0
1810,0,202,183,92,0
1811,0,197,182,92,0
1812,0,198,182,92,0
1813,0,176,182,92,0
1814,0,199,182,92,0
1815,0,193,182,92,0
1816,0,208,181,92,0
1817,0,207,181,93,0
1818,0,201,181,93,0
1819,0,201,181,92,0
1820,0,195,181,93,0
1821,0,196,181,92,0
1822,0,197,181,92,0
1823,0,199,181,92,0
1824,0,196,180,92,0
1825,0,202,180,92,0
1826,0,194,180,92,0
1827,0,189,181,91,0
1828,0,199,180,91,0
1829,0,199,180,91,0
1830,0,206,180,91,0
1831,0,203,181,91,0
1832,0,199,180,91,0
1833,0,191,181,91,0
1834,0,191,181,91,0
1835,0,194,180,91,0
1836,0,210,181,92,0
1837,0,207,181,92,0
1838,0,202,181,93,0
1839,0,206,181,93,0
1840,0,207,181,93,0
1841,0,202,181,93,0
1842,0,216,180,94,0
1843,0,227,181,94,0
1844,0,212,180,94,0
1845,0,219,180,94,0
1846,0,212,181,94,0
1847,0,208,180,94,0
1848,0,199,181,94,0
1849,0,194,181,94,0
1850,0,210,181,94,0
1851,0,196,180,95,0
1852,0,163,180,93,0
1853,0,190,180,93,0
1854,0,190,180,92,0
1855,0,150,180,91,0
1856,0,20,180,93,0
1857,0,20,180,27,0
1858,0,216,180,27,0
1859,0,216,180,79,0
1860,0,231,180,84,-0.2
1861,0,266,180,87,-0.2
1862,0,220,179,89,-0.2
1863,0,213,179,90,-0.2
1864,0,204,179,90,-0.2
1865,0,201,179,91,-0.2
1866,0,210,179,91,-0.2
1867,0,214,178,91,-0.2
1868,0,225,178,92,-0.2
1869,0,209,177,92,-0.2
1870,0,210,177,92,-0.2
1871,0,210,177,92,-0.2
1872,0,219,177,93,-0.2
1873,0,207,177,93,-0.2
1874,0,207,176,93,-0.2
1875,0,235,176,94,-0.2
1876,0,220,177,95,-0.2
1877,0,190,177,94,-0.2
1878,0,199,177,94,-0.2
1879,0,199,177,93,-0.2
1880,0,212,178,93,-0.2
1881,0,211,178,93,-0.2
1882,0,216,179,93,-0.2
1883,0,207,180,93,-0.2
1884,0,207,180,93,-0.2
1885,0,227,180,93,-0.2
1886,0,198,181,94,-0.2
1887,0,211,181,95,-0.2
1888,0,196,181,95,-0.2
1889,0,198,182,94,-0.2
1890,0,202,182,94,-0.2
1891,0,212,182,94,-0.2
1892,0,221,182,94,-0.2
1893,0,236,182,95,-0.2
1894,0,214,182,95,-0.2
1895,0,234,182,95,-0.2
1896,0,213,182,94,-0.2
1897,0,208,182,94,-0.2
1898,0,188,183,94,-0.2
1899,0,196,183,94,-0.2
1900,0,210,183,94,-0.2
1901,0,200,183,93,-0.2
1902,0,214,183,93,-0.2
1903,0,201,184,93,-0.2
1904,0,208,184,93,-0.2
1905,0,212,184,93,-0.2
1906,0,207,184,93,-0.2
1907,0,203,184,92,-0.2
1908,0,208,185,92,-0.2
1909,0,208,184,92,-0.2
1910,0,229,185,93,-0.2
1911,0,223,184,94,-0.2
1912,0,221,185,94,-0.2
1913,0,197,184,94,-0.2
1914,0,213,185,94,-0.2
1915,0,194,185,94,-0.2
1916,0,207,185,94,-0.2
1917,0,216,185,93,-0.2
1918,0,222,184,94,-0.2
1919,0,227,185,94,-0.2
1920,0,216,185,94,-0.2
1921,0,212,185,94,-0.2
1922,0,200,185,95,-0.2
1923,0,219,185,95,-0.2
1924,0,202,185,95,-0.2
1925,0,214,185,95,-0.2
1926,0,206,185,94,-0.2
1927,0,213,185,94,-0.2
1928,0,217,186,94,-0.2
1929,0,210,186,94,-0.2
1930,0,214,186,94,-0.2
1931,0,200,186,94,-0.2
1932,0,221,186,94,-0.2
1933,0,203,186,94,-0.2
1934,0,214,186,94,-0.2
1935,0,214,185,93,-0.2
1936,0,201,185,93,-0.2
1937,0,203,185,92,-0.2
1938,0,224,185,92,-0.2
1939,0,200,185,92,-0.2
1940,0,208,185,92,-0.2
1941,0,216,185,92,-0.2
1942,0,223,185,93,-0.2
1943,0,209,185,94,-0.2
1944,0,211,185,94,-0.2
1945,0,217,185,93,-0.2
1946,0,211,185,93,-0.2
1947,0,214,184,93,-0.2
1948,0,229,184,94,-0.2
1949,0,213,184,93,-0.2
1950,0,223,184,93,-0.2
1951,0,214,184,93,-0.2
1952,0,205,183,93,-0.2
1953,0,199,183,93,-0.2
1954,0,197,183,93,-0.2
1955,0,197,183,92,-0.2
1956,0,205,183,92,-0.2
1957,0,201,183,92,-0.2
1958,0,186,183,92,-0.2
1959,0,221,183,92,-0.2
1960,0,211,182,92,-0.2
1961,0,205,183,91,-0.2
1962,0,222,183,92,-0.2
1963,0,213,183,92,-0.2
1964,0,206,183,92,-0.2
1965,0,217,182,92,-0.2
1966,0,213,183,93,-0.2
1967,0,204,182,93,-0.2
1968,0,202,183,93,-0.2
1969,0,206,183,93,-0.2
1970,0,206,183,92,-0.2
1971,0,218,183,92,-0.2
1972,0,224,183,93,-0.2
1973,0,222,183,93,-0.2
1974,0,205,183,93,-0.2
1975,0,209,183,94,-0.2
1976,0,197,183,93,-0.2
1977,0,214,184,94,-0.2
1978,0,198,183,95,-0.2
1979,0,183,183,94,-0.2
1980,0,200,183,94,-0.2
1981,0,205,182,94,-0.2
1982,0,204,182,93,-0.2
1983,0,213,182,93,-0.2
1984,0,221,181,93,-0.2
1985,0,221,182,93,-0.2
1986,0,195,181,93,-0.2
1987,0,212,181,93,-0.2
1988,0,217,181,93,-0.2
1989,0,217,181,93,-0.2
1990,0,217,181,92,-0.2
1991,0,214,181,93,-0.2
1992,0,222,181,92,-0.2
1993,0,216,181,92,-0.2
1994,0,212,182,92,-0.2
1995,0,205,182,92,-0.2
1996,0,218,182,92,-0.2
1997,0,213,182,93,-0.2
1998,0,201,183,93,-0.2
1999,0,207,183,93,-0.2
2000,0,203,182,94,-0.2
2001,0,207,182,94,-0.2
2002,0,188,182,94,-0.2
2003,0,198,182,94,-0.2
2004,0,223,182,94,-0.2
2005,0,232,181,94,-0.2
2006,0,223,182,94,-0.2
2007,0,218,182,95,-0.2
2008,0,207,182,95,-0.2
2009,0,209,182,95,-0.2
2010,0,208,182,95,-0.2
2011,0,204,182,95,-0.2
2012,0,205,183,95,-0.2
2013,0,204,183,94,-0.2
2014,0,212,184,94,-0.2
2015,0,212,184,94,0
2016,0,206,184,95,0
2017,0,179,185,95,0
2018,0,197,185,94,0
2019,0,210,185,94,0
2020,0,207,185,94,0
2021,0,203,186,94,0
2022,0,206,185,94,0
2023,0,213,185,94,0
2024,0,201,186,94,0
2025,0,221,185,94,0
2026,0,242,185,94,0
2027,0,230,185,95,0
2028,0,217,185,95,0
2029,0,229,186,95,0
2030,0,210,186,95,0
2031,0,208,186,95,0
2032,0,185,186,95,0
2033,0,203,186,94,0
2034,0,205,186,95,0
2035,0,191,186,94,0
2036,0,200,186,94,0
2037,0,211,186,95,0
2038,0,208,186,95,0
2039,0,195,187,95,0
2040,0,200,187,95,0
2041,0,203,187,95,0
2042,0,224,186,95,0
2043,0,205,187,95,0
2044,0,199,186,95,0
2045,0,213,186,95,0
2046,0,212,187,96,0
2047,0,195,186,96,0
2048,0,195,186,96,0
2049,0,212,186,96,0
2050,0,210,186,95,0
2051,0,213,186,95,0
2052,0,203,186,95,0
2053,0,197,186,95,0
2054,0,185,185,95,0
2055,0,201,185,95,0
2056,0,204,186,94,0
2057,0,198,185,94,0
2058,0,213,185,94,0
2059,0,209,185,94,0
2060,0,209,186,95,0
2061,0,208,185,96,0
2062,0,186,185,96,0
2063,0,182,185,95,0.2
2064,0,205,186,95,0.2
2065,0,205,185,93,0.2
2066,0,212,185,94,0.2
2067,0,201,186,93,0.2
2068,0,199,185,93,0.2
2069,0,214,185,93,0.2
2070,0,215,185,93,0.2
2071,0,194,185,93,0.2
2072,0,190,185,93,0.2
2073,0,202,185,92,0.2
2074,0,233,185,92,0.2
2075,0,233,184,94,0.2
2076,0,188,184,96,0.2
2077,0,191,183,95,0.2
2078,0,193,183,94,0.2
2079,0,194,183,94,0.2
2080,0,189,182,93,0.2
2081,0,212,183,94,0.2
2082,0,195,182,93,0.2
2083,0,200,182,93,0
2084,0,214,182,93,0
2085,0,210,182,94,0
2086,0,207,182,93,0
2087,0,213,182,94,0
2088,0,211,182,94,0
2089,0,198,183,94,0
2090,0,206,183,94,0
2091,0,214,183,94,0
2092,0,187,183,94,0
2093,0,203,183,93,0
2094,0,201,184,93,0
2095,0,203,184,93,0
2096,0,199,184,93,0
2097,0,212,185,93,0
2098,0,215,185,94,0
2099,0,198,185,94,0
2100,0,216,185,94,0
2101,0,215,186,94,0
2102,0,214,186,94,0
2103,0,202,186,94,0
2104,0,210,186,94,0
2105,0,220,185,94,0
2106,0,213,185,94,0
2107,0,214,185,94,0
2108,0,204,185,94,0
2109,0,212,185,94,0
2110,0,196,185,94,0
2111,0,196,185,94,0
2112,0,193,185,93,0
2113,0,201,185,93,0
2114,0,196,185,93,0
2115,0,203,185,93,0
2116,0,202,185,93,0
2117,0,217,185,93,0
2118,0,204,185,93,0
2119,0,200,184,93,0
2120,0,210,184,94,0
2121,0,205,184,94,0
2122,0,203,184,94,0
2123,0,217,184,94,0
2124,0,232,184,94,0
2125,0,217,184,95,0
2126,0,204,183,94,0
2127,0,191,183,94,0
2128,0,216,183,93,0
2129,0,215,183,93,0
2130,0,197,182,93,0
2131,0,197,183,92,0
2132,0,196,182,92,0
2133,0,215,183,92,0
2134,0,224,182,92,0
2135,0,208,183,92,0
2136,0,211,182,92,0
2137,0,214,182,92,0
2138,0,205,182,92,0
2139,0,220,183,92,0
2140,0,218,182,92,0
2141,0,207,183,92,0
2142,0,211,183,92,0
2143,0,216,182,92,0
2144,0,214,183,92,0
2145,0,224,183,92,0
2146,0,224,183,93,0
2147,0,214,183,93,0
2148,0,199,183,93,0
2149,0,197,183,93,0
2150,0,203,183,92,0
2151,0,204,183,92,0
2152,0,193,183,92,0
2153,0,201,183,92,0
2154,0,187,183,91,0
2155,0,199,183,91,0
2156,0,199,183,91,0
2157,0,189,184,91,0
2158,0,195,183,91,0
2159,0,214,183,91,0
2160,0,200,183,91,0
2161,0,200,182,91,0
2162,0,197,182,91,0
2163,0,190,181,91,0
2164,0,199,181,91,0
2165,0,207,180,91,0
2166,0,190,180,91,0
2167,0,207,179,91,0
2168,0,189,179,92,-0.2
2169,0,213,179,92,-0.2
2170,0,207,178,92,-0.2
2171,0,212,178,92,-0.2
2172,0,219,178,92,-0.2
2173,0,211,179,92,-0.2
2174,0,201,179,92,-0.2
2175,0,203,179,92,-0.2
2176,0,209,180,92,-0.2
2177,0,207,180,92,-0.2
2178,0,209,181,92,-0.2
2179,0,216,181,92,-0.2
2180,0,216,182,92,-0.2
2181,0,218,182,93,-0.2
2182,0,204,182,93,-0.2
2183,0,213,183,93,-0.2
2184,0,211,183,93,-0.2
2185,0,207,184,93,-0.2
2186,0,210,184,94,-0.2
2187,0,218,184,93,-0.2
2188,0,212,184,93,-0.4
2189,0,204,184,94,-0.4
2190,0,218,184,94,-0.4
2191,0,218,184,94,-0.4
2192,0,187,184,94,-0.4
2193,0,203,184,93,-0.4
2194,0,206,183,93,-0.4
2195,0,191,183,93,-0.4
2196,0,204,184,93,-0.2
2197,0,215,184,92,-0.2
2198,0,208,184,93,-0.2
2199,0,204,184,93,-0.2
2200,0,197,185,93,-0.2
2201,0,195,185,93,-0.2
2202,0,193,185,93,-0.2
2203,0,200,185,93,-0.2
2204,0,200,186,93,-0.2
2205,0,210,186,93,-0.2
2206,0,199,186,93,-0.2
2207,0,185,186,93,-0.2
2208,0,213,186,93,-0.2
2209,0,174,186,92,-0.2
2210,0,191,185,92,-0.2
2211,0,191,186,92,-0.2
2212,0,227,185,92,-0.2
2213,0,201,186,92,-0.2
2214,0,186,185,91,-0.2
2215,0,210,186,91,-0.2
2216,0,196,186,91,-0.2
2217,0,212,185,92,-0.2
2218,0,203,185,92,-0.2
2219,0,206,185,93,-0.2
2220,0,187,185,93,-0.2
2221,0,187,185,92,-0.2
2222,0,201,185,92,-0.2
2223,0,191,185,92,-0.2
2224,0,202,184,92,-0.2
2225,0,200,184,92,-0.2
2226,0,200,184,92,-0.2
2227,0,203,184,92,-0.2
2228,0,193,183,92,-0.2
2229,0,187,183,92,-0.2
2230,0,213,183,92,-0.2
2231,0,196,183,91,-0.2
2232,0,187,183,91,-0.2
2233,0,202,182,91,-0.2
2234,0,202,182,92,-0.2
2235,0,195,182,92,-0.2
2236,0,219,183,92,-0.2
2237,0,196,183,92,-0.2
2238,0,198,183,92,-0.2
2239,0,207,183,92,-0.2
2240,0,212,182,92,-0.2
2241,0,212,183,93,-0.2
2242,0,192,182,93,-0.2
2243,0,209,183,93,-0.2
2244,0,205,183,93,-0.2
2245,0,206,183,93,-0.2
2246,0,199,183,93,-0.2
2247,0,196,183,92,-0.2
2248,0,213,183,92,-0.2
2249,0,193,183,92,-0.2
2250,0,213,184,93,-0.2
2251,0,189,184,92,-0.2
2252,0,206,184,92,-0.2
2253,0,206,184,92,-0.2
2254,0,202,185,92,-0.2
2255,0,204,184,92,-0.2
2256,0,204,185,92,-0.2
2257,0,216,185,93,-0.2
2258,0,211,184,93,-0.2
2259,0,210,184,93,-0.2
2260,0,226,184,93,-0.2
2261,0,229,184,94,-0.2
2262,0,208,184,94,-0.2
2263,0,215,183,93,-0.2
2264,0,210,183,93,-0.2
2265,0,206,184,93,-0.2
2266,0,209,183,93,-0.2
2267,0,201,184,92,-0.2
2268,0,216,184,92,-0.2
2269,0,202,184,92,-0.2
2270,0,220,184,92,-0.2
2271,0,200,184,92,-0.2
2272,0,203,184,92,-0.2
2273,0,205,184,92,-0.2
2274,0,202,184,92,-0.2
2275,0,202,183,93,-0.2
2276,0,197,184,92,-0.2
2277,0,213,184,94,-0.2
2278,0,197,184,94,-0.2
2279,0,191,184,93,-0.2
2280,0,193,183,93,-0.2
2281,0,188,184,92,-0.2
2282,0,249,183,94,-0.2
2283,0,167,183,94,-0.2
2284,0,193,183,93,-0.2
2285,0,207,183,92,-0.2
2286,0,211,183,92,-0.2
2287,0,209,183,92,-0.2
2288,0,216,183,92,-0.2
2289,0,204,183,92,-0.2
2290,0,224,183,92,-0.2
2291,0,214,183,92,-0.2
2292,0,214,183,92,-0.2
2293,0,209,184,92,-0.2
2294,0,224,184,92,-0.2
2295,0,220,184,92,-0.2
2296,0,201,184,92,-0.2
2297,0,213,184,92,-0.2
2298,0,215,184,92,-0.2
2299,0,211,184,92,-0.2
2300,0,213,184,93,-0.2
2301,0,210,184,93,-0.2
2302,0,200,184,93,-0.2
2303,0,199,183,93,-0.2
2304,0,195,183,92,-0.2
2305,0,199,183,92,-0.2
2306,0,208,183,92,-0.2
2307,0,208,183,93,-0.2
2308,0,198,182,93,0
2309,0,211,182,93,0
2310,0,215,182,93,0
2311,0,215,182,92,0
2312,0,213,181,93,0
2313,0,201,181,93,0
2314,0,209,181,93,0
2315,0,210,182,92,0
2316,0,212,182,92,0
2317,0,187,182,92,0
2318,0,200,182,91,0
2319,0,199,183,91,0
2320,0,205,183,92,0
2321,0,202,184,92,0
2322,0,202,184,92,0
2323,0,209,184,92,0
2324,0,203,185,92,0
2325,0,213,185,92,0
2326,0,213,185,92,0
2327,0,210,185,93,-0.2
2328,0,214,185,93,-0.2
2329,0,200,185,93,-0.2
2330,0,213,185,92,-0.2
2331,0,200,184,92,-0.2
2332,0,215,184,92,-0.2
2333,0,208,184,92,-0.2
2334,0,198,184,92,-0.2
2335,0,205,183,92,-0.2
2336,0,200,183,92,-0.2
2337,0,200,183,91,-0.2
2338,0,210,183,92,-0.2
2339,0,208,183,92,-0.2
2340,0,213,183,93,-0.2
2341,0,203,182,93,-0.2
2342,0,216,183,93,-0.2
2343,0,198,183,93,-0.2
2344,0,204,183,93,-0.2
2345,0,197,183,93,-0.2
2346,0,247,183,94,-0.2
2347,0,234,184,95,-0.2
2348,0,208,184,95,-0.2
2349,0,184,183,94,-0.2
2350,0,195,183,94,-0.2
2351,0,188,183,93,-0.2
2352,0,182,183,93,-0.2
2353,0,205,182,93,-0.2
2354,0,203,183,92,-0.2
2355,0,210,182,93,-0.2
2356,0,209,182,93,-0.2
2357,0,209,182,93,-0.2
2358,0,206,182,93,-0.2
2359,0,198,182,94,-0.2
2360,0,196,183,93,-0.2
2361,0,205,183,93,-0.2
2362,0,204,183,93,-0.2
2363,0,211,183,94,-0.2
2364,0,203,183,93,-0.2
2365,0,193,183,93,0
2366,0,193,183,93,0
2367,0,201,183,93,0
2368,0,205,183,92,0
2369,0,202,183,92,0
2370,0,198,184,92,0
2371,0,201,184,92,0
2372,0,201,184,92,0
2373,0,198,184,92,0
2374,0,198,185,92,0
2375,0,192,185,92,0
2376,0,211,185,92,0
2377,0,211,184,93,0
2378,0,203,184,93,0
2379,0,201,185,93,0
2380,0,200,184,93,0
2381,0,209,184,93,0
2382,0,212,184,93,0
2383,0,210,185,93,0
2384,0,221,184,94,0
2385,0,214,184,94,0
2386,0,198,183,94,0
2387,0,199,183,94,0
2388,0,198,184,93,0
2389,0,179,183,93,0
2390,0,214,184,93,0
2391,0,205,184,93,-0.2
2392,0,195,184,92,-0.2
2393,0,188,184,92,-0.2
2394,0,212,184,92,-0.2
2395,0,210,184,92,-0.2
2396,0,210,184,92,-0.2
2397,0,201,184,93,-0.2
2398,0,190,184,93,-0.2
2399,0,209,184,93,-0.2
2400,0,209,184,93,-0.2
2401,0,207,184,93,-0.2
2402,0,197,184,93,-0.2
2403,0,197,184,93,-0.2
2404,0,201,184,93,-0.2
2405,0,202,184,92,-0.2
2406,0,199,183,92,-0.2
2407,0,199,184,92,-0.2
2408,0,213,183,92,-0.2
2409,0,194,183,92,-0.2
2410,0,188,184,92,-0.2
2411,0,195,184,92,-0.2
2412,0,195,184,91,-0.2
2413,0,196,184,92,-0.2
2414,0,215,184,92,-0.2
2415,0,236,184,93,-0.2
2416,0,208,184,94,-0.2
2417,0,195,184,93,-0.2
2418,0,207,185,93,0
2419,0,196,184,93,0
2420,0,206,185,93,0
2421,0,200,184,93,0
2422,0,200,184,94,0
2423,0,197,184,94,0
2424,0,178,184,94,0
2425,0,195,184,93,0
2426,0,195,184,93,0
2427,0,195,184,93,0
2428,0,195,184,93,0
2429,0,211,183,92,0
2430,0,201,183,92,-0.2
2431,0,209,183,93,-0.2
2432,0,187,183,93,-0.2
2433,0,208,183,92,-0.2
2434,0,199,183,92,-0.2
2435,0,196,183,92,-0.2
2436,0,204,183,92,-0.2
2437,0,204,183,92,-0.2
2438,0,195,183,91,-0.2
2439,0,190,183,91,-0.2
2440,0,204,183,91,-0.2
2441,0,197,183,91,-0.2
2442,0,197,183,92,-0.2
2443,0,206,183,92,-0.2
2444,0,208,183,92,-0.2
2445,0,209,184,92,-0.2
2446,0,194,183,92,0
2447,0,193,184,92,0
2448,0,215,184,92,0
2449,0,208,184,92,0
2450,0,203,184,92,0
2451,0,184,184,92,0
2452,0,202,185,92,0
2453,0,198,185,92,0
2454,0,222,185,92,0
2455,0,198,186,92,0
2456,0,217,186,92,0
2457,0,217,186,92,0
2458,0,206,186,93,0
2459,0,201,186,93,0
2460,0,188,186,93,0
2461,0,215,186,93,0
2462,0,202,186,94,0
2463,0,193,185,93,0
2464,0,197,185,93,0
2465,0,197,185,93,0
2466,0,201,185,93,0
2467,0,218,185,93,0
2468,0,211,184,93,0
2469,0,182,184,93,0
2470,0,186,185,93,0
2471,0,196,184,93,0
2472,0,196,185,92,0
2473,0,198,185,92,0
2474,0,202,185,92,0
2475,0,200,185,92,0
2476,0,217,185,92,0
2477,0,217,185,93,0
2478,0,211,185,93,0
2479,0,193,185,93,0
2480,0,181,185,93,0
2481,0,209,185,93,0
2482,0,204,185,93,0
2483,0,218,184,93,0
2484,0,205,184,93,0
2485,0,207,184,93,0
2486,0,200,184,93,0
2487,0,198,184,93,0
2488,0,187,183,93,0
2489,0,189,184,92,0
2490,0,196,184,92,0
2491,0,214,184,92,0
2492,0,178,184,92,0
2493,0,178,184,92,0
2494,0,244,184,94,0
2495,0,172,184,94,0
2496,0,181,183,93,0
2497,0,191,183,92,0
2498,0,188,183,92,0
2499,0,168,183,92,0
2500,0,181,182,92,0
2501,0,199,182,92,0
2502,0,199,182,92,0
2503,0,202,182,92,0
2504,0,196,182,92,0
2505,0,208,182,92,0
2506,0,216,181,92,0
2507,0,214,182,92,0
2508,0,214,182,92,0
2509,0,192,182,92,0
2510,0,191,182,92,0
2511,0,205,183,92,0
2512,0,180,183,91,0
2513,0,193,183,91,0
2514,0,194,183,92,0
2515,0,210,183,92,0
2516,0,195,184,92,0
2517,0,192,183,92,0
2518,0,196,184,92,0
2519,0,193,184,92,0
2520,0,187,184,92,0
2521,0,167,184,92,0
2522,0,201,184,92,0
2523,0,201,184,92,0
2524,0,202,185,92,0
2525,0,193,185,92,0
2526,0,193,185,92,0
2527,0,196,185,92,0
2528,0,206,185,92,0
2529,0,199,185,93,0
2530,0,206,185,93,0
2531,0,211,185,93,0
2532,0,195,185,93,0
2533,0,212,185,94,0
2534,0,204,185,94,0
2535,0,194,184,94,0
2536,0,202,185,94,0
2537,0,201,184,93,0
2538,0,193,184,93,0
2539,0,193,184,93,0
2540,0,190,184,93,0
2541,0,198,185,93,0
2542,0,187,184,93,0
2543,0,200,185,93,0
2544,0,209,185,93,0
2545,0,199,185,93,0
2546,0,187,185,93,0
2547,0,198,185,93,0
2548,0,197,185,93,0
2549,0,200,185,93,0
2550,0,228,185,93,0
2551,0,212,185,93,0
2552,0,191,185,93,0
2553,0,199,185,93,0
2554,0,193,185,93,0
2555,0,219,185,93,0
2556,0,194,185,93,0
2557,0,187,186,93,0
2558,0,191,186,93,0
2559,0,191,185,93,0
2560,0,190,185,93,0
2561,0,178,185,92,-0.2
2562,0,194,186,92,-0.2
2563,0,209,185,92,-0.2
2564,0,194,186,93,-0.2
2565,0,208,185,93,-0.2
2566,0,208,186,93,-0.2
2567,0,217,186,94,-0.2
2568,0,208,186,94,-0.2
2569,0,204,186,94,-0.2
2570,0,206,186,94,-0.2
2571,0,193,186,94,-0.2
2572,0,201,186,94,-0.2
2573,0,201,186,93,-0.2
2574,0,192,186,93,-0.2
2575,0,194,186,93,0
2576,0,188,187,93,0
2577,0,183,186,93,0
2578,0,197,187,93,0
2579,0,197,187,93,0
2580,0,202,187,93,0
2581,0,190,186,93,0
2582,0,195,186,93,0
2583,0,195,187,93,0
2584,0,197,186,93,0
2585,0,210,186,93,0
2586,0,206,186,94,0
2587,0,199,186,94,0
2588,0,202,185,94,0
2589,0,186,185,94,0
2590,0,176,185,93,0
2591,0,196,185,93,0
2592,0,196,185,93,0
2593,0,212,185,94,0
2594,0,199,185,94,0
2595,0,208,185,94,0
2596,0,185,185,94,0
2597,0,192,185,94,0
2598,0,197,184,94,0
2599,0,203,184,94,0
2600,0,183,184,93,0
2601,0,194,185,93,0
2602,0,205,185,93,0
2603,0,205,185,93,0
2604,0,201,185,94,0
2605,0,188,185,93,0
2606,0,206,185,93,0
2607,0,199,185,93,0
2608,0,192,185,93,0
2609,0,198,185,92,0
2610,0,199,186,93,0
2611,0,196,185,93,0
2612,0,198,186,93,0
2613,0,192,186,92,0
2614,0,200,186,92,0
2615,0,183,186,93,0
2616,0,193,185,93,0
2617,0,208,185,93,0
2618,0,215,185,93,0
2619,0,202,185,93,0
2620,0,198,185,93,0
2621,0,187,186,93,0
2622,0,187,185,93,0
2623,0,179,186,92,0
2624,0,185,185,92,0
2625,0,0,185,93,0
2626,0,0,185,93,0
2627,0,0,184,93,0
2628,0,66,184,21,0
2629,0,253,183,82,0
2630,0,208,183,86,-0.2
2631,0,211,183,87,-0.2
2632,0,209,183,88,-0.2
2633,0,186,183,89,-0.2
2634,0,190,183,89,-0.2
2635,0,193,182,89,-0.2
2636,0,191,183,89,-0.2
2637,0,191,183,89,-0.2
2638,0,194,182,89,-0.2
2639,0,190,183,89,-0.2
2640,0,195,183,89,-0.2
2641,0,209,184,89,-0.2
2642,0,197,184,90,-0.2
2643,0,210,184,90,-0.2
2644,0,198,185,90,-0.2
2645,0,179,185,89,-0.2
2646,0,0,185,89,-0.2
2647,0,0,185,89,-0.2
2648,0,0,185,0,-0.2
2649,0,76,185,31,-0.2
2650,0,225,185,73,-0.2
2651,0,182,185,74,-0.2
2652,0,192,185,76,-0.2
2653,0,174,185,76,-0.2
2654,0,0,185,79,-0.2
2655,0,0,185,79,-0.2
2656,0,0,184,79,-0.2
2657,0,0,184,0,-0.2
2658,0,0,184,0,-0.2
2659,0,0,183,79,-0.2
2660,0,0,183,79,-0.2
2661,0,0,182,79,-0.2
2662,0,0,181,0,-0.2
2663,0,0,180,0,-0.2
2664,0,0,179,0,-0.2
2665,0,19,179,16,-0.2
2666,0,194,178,69,-0.2
2667,0,215,178,69,-0.2
2668,0,215,177,74,-0.2
2669,0,205,177,78,-0.2
2670,0,222,176,80,-0.2
2671,0,196,176,81,-0.2
2672,0,189,176,81,-0.2
2673,0,198,176,82,-0.2
2674,0,203,175,83,-0.2
2675,0,193,175,84,-0.2
2676,0,189,176,85,-0.2
2677,0,209,176,85,-0.2
2678,0,207,176,86,-0.2
2679,0,201,176,87,-0.2
2680,0,181,177,88,-0.2
2681,0,210,177,88,-0.2
2682,0,210,177,89,-0.2
2683,0,199,177,90,-0.2
2684,0,207,177,90,-0.2
2685,0,202,178,90,-0.2
2686,0,194,177,90,-0.2
2687,0,191,178,90,-0.2
2688,0,215,178,90,-0.2
2689,0,219,177,90,-0.2
2690,0,211,178,91,-0.2
2691,0,214,178,91,-0.2
2692,0,202,178,91,-0.2
2693,0,212,178,90,-0.2
2694,0,193,178,91,-0.2
2695,0,206,179,91,-0.2
2696,0,214,179,91,-0.2
2697,0,183,180,91,-0.2
2698,0,216,180,91,-0.2
2699,0,169,180,90,-0.2
2700,0,193,181,90,-0.2
2701,0,254,181,91,-0.2
2702,0,210,181,92,-0.2
2703,0,307,182,93,-0.2
2704,0,237,182,95,-0.2
2705,0,174,182,94,-0.2
2706,0,222,182,94,-0.4
2707,0,224,182,94,-0.4
2708,0,210,182,94,-0.4
2709,0,198,182,94,-0.4
2710,0,210,183,93,-0.4
2711,0,215,182,93,-0.4
2712,0,184,183,93,-0.4
2713,0,184,183,92,-0.4
2714,0,205,183,92,-0.4
2715,0,210,183,92,-0.4
2716,0,220,183,91,-0.4
2717,0,221,183,92,-0.4
2718,0,211,183,92,-0.4
2719,0,211,183,92,-0.4
2720,0,223,184,93,-0.4
2721,0,200,184,93,-0.4
2722,0,199,184,92,-0.4
2723,0,199,185,92,-0.4
2724,0,196,185,92,-0.4
2725,0,199,185,92,-0.4
2726,0,205,185,92,-0.2
2727,0,207,185,92,-0.2
2728,0,200,185,92,-0.2
2729,0,195,185,92,-0.2
2730,0,217,185,91,-0.2
2731,0,200,185,92,-0.2
2732,0,204,186,92,-0.2
2733,0,208,186,92,-0.2
2734,0,206,186,92,-0.2
2735,0,211,186,92,-0.2
2736,0,187,186,92,-0.2
2737,0,215,185,92,-0.4
2738,0,205,186,92,-0.4
2739,0,215,186,92,-0.4
2740,0,196,186,93,-0.4
2741,0,207,185,93,-0.4
2742,0,210,186,93,-0.4
2743,0,201,186,93,-0.4
2744,0,201,186,92,-0.4
2745,0,213,186,92,-0.4
2746,0,194,186,93,-0.4
2747,0,198,186,92,-0.4
2748,0,216,185,92,-0.4
2749,0,216,185,93,-0.4
2750,0,201,185,93,-0.4
2751,0,206,185,92,-0.4
2752,0,211,185,92,-0.4
2753,0,192,185,92,-0.4
2754,0,207,185,92,-0.4
2755,0,200,185,92,-0.4
2756,0,220,185,92,-0.4
2757,0,204,185,93,-0.4
2758,0,222,186,93,-0.4
2759,0,201,186,93,-0.6
2760,0,226,186,93,-0.6
2761,0,222,186,93,-0.6
2762,0,202,186,94,-0.6
2763,0,197,186,94,-0.6
2764,0,197,186,93,-0.6
2765,0,190,185,93,-0.6
2766,0,198,186,93,-0.6
2767,0,218,186,93,-0.6
2768,0,210,186,93,-0.6
2769,0,210,186,93,-0.6
2770,0,205,186,93,-0.6
2771,0,230,185,93,-0.6
2772,0,224,185,94,-0.6
2773,0,171,185,94,-0.6
2774,0,205,185,94,-0.4
2775,0,206,185,94,-0.4
2776,0,192,185,93,-0.4
2777,0,226,185,93,-0.4
2778,0,165,185,93,-0.4
2779,0,208,185,93,-0.4
2780,0,205,184,93,-0.4
2781,0,201,184,93,-0.4
2782,0,204,184,93,-0.4
2783,0,212,184,93,-0.4
2784,0,212,184,93,-0.4
2785,0,217,184,94,-0.4
2786,0,225,184,94,-0.4
2787,0,207,185,94,-0.4
2788,0,187,185,94,-0.4
2789,0,198,185,94,-0.4
2790,0,198,185,94,-0.4
2791,0,185,185,94,-0.4
2792,0,186,185,93,-0.4
2793,0,191,185,93,-0.4
2794,0,191,185,92,-0.4
2795,0,212,185,92,-0.4
2796,0,201,186,92,-0.4
2797,0,211,185,92,-0.4
2798,0,184,186,93,-0.6
2799,0,218,185,93,-0.6
2800,0,192,185,93,-0.6
2801,0,196,185,93,-0.6
2802,0,194,185,93,-0.6
2803,0,213,185,93,-0.6
2804,0,209,185,93,-0.6
2805,0,200,185,94,-0.6
2806,0,209,185,94,-0.6
2807,0,201,185,93,-0.6
2808,0,198,184,93,-0.6
2809,0,191,184,92,-0.6
2810,0,194,184,92,-0.6
2811,0,201,184,92,-0.6
2812,0,207,184,92,-0.6
2813,0,191,184,92,-0.6
2814,0,204,184,92,-0.6
2815,0,216,184,93,-0.6
2816,0,209,184,94,-0.6
2817,0,207,184,94,-0.6
2818,0,190,185,94,-0.6
2819,0,210,185,94,-0.6
2820,0,203,184,94,-0.6
2821,0,193,184,94,-0.6
2822,0,213,184,94,-0.6
2823,0,200,184,94,-0.6
2824,0,190,184,93,-0.6
2825,0,214,185,94,-0.6
2826,0,227,185,94,-0.6
2827,0,211,184,94,-0.6
2828,0,200,185,94,-0.6
2829,0,206,184,94,-0.6
2830,0,225,185,94,-0.6
2831,0,206,185,94,-0.6
2832,0,209,185,94,-0.6
2833,0,199,185,94,-0.6
2834,0,199,186,94,-0.6
2835,0,202,186,94,-0.6
2836,0,192,186,93,-0.6
2837,0,194,186,93,-0.6
2838,0,194,186,93,-0.6
2839,0,208,187,93,-0.6
2840,0,204,187,93,-0.6
2841,0,201,187,93,-0.6
2842,0,215,186,93,-0.6
2843,0,199,186,93,-0.6
2844,0,187,186,93,-0.6
2845,0,215,186,94,-0.6
2846,0,222,186,94,-0.6
2847,0,216,186,95,-0.6
2848,0,205,186,95,-0.6
2849,0,205,186,95,-0.6
2850,0,193,186,94,-0.6
2851,0,208,186,95,-0.6
2852,0,183,186,94,-0.6
2853,0,197,186,94,-0.8
2854,0,195,186,94,-0.8
2855,0,197,186,93,-0.8
2856,0,202,185,92,-0.8
2857,0,209,185,92,-0.8
2858,0,214,185,92,-0.8
2859,0,214,185,93,-0.8
2860,0,197,184,93,-0.8
2861,0,206,185,93,-0.8
2862,0,192,185,93,-0.8
2863,0,196,185,93,-0.8
2864,0,200,185,92,-0.8
2865,0,207,185,93,-0.8
2866,0,190,185,93,-0.8
2867,0,215,184,93,-0.8
2868,0,212,185,93,-0.8
2869,0,222,185,85,-0.8
2870,0,243,184,86,-0.8
2871,0,274,184,89,-0.8
2872,0,310,184,93,-0.8
2873,0,296,183,95,-0.8
2874,0,349,183,99,-0.8
2875,0,418,183,106,-0.8
2876,0,529,183,114,-0.8
2877,0,617,183,123,-0.8
2878,0,608,183,132,-0.8
2879,0,721,183,139,-0.8
2880,0,563,183,147,-0.8
2881,0,0,184,158,-0.8
2882,0,0,185,33,-0.8
2883,0,0,185,87,-0.8
2884,0,0,186,84,-0.8
2885,0,0,186,92,-0.8
2886,0,0,186,92,-0.8
2887,0,0,187,92,-0.8
2888,0,0,187,79,-0.8
2889,0,99,187,92,-0.8
2890,0,128,187,96,-1
2891,0,139,187,94,-1
2892,0,161,187,93,-1
2893,0,170,187,93,-1
2894,0,172,187,92,-1
2895,0,174,187,92,-1
2896,0,185,187,93,-1
2897,0,174,186,93,-1
2898,0,184,186,94,-1
2899,0,188,186,94,-1
2900,0,182,187,94,-1
2901,0,194,186,95,-1
2902,0,174,186,95,-1
2903,0,188,187,95,-1
2904,0,163,186,94,-1
2905,0,151,186,93,-1
2906,0,166,187,93,-1
2907,0,167,187,92,-1
2908,0,159,186,92,-1
2909,0,167,187,92,-1
2910,0,158,187,91,-1
2911,0,168,187,91,-1
2912,0,141,187,91,-1
2913,0,150,187,90,-1
2914,0,178,188,90,-1
2915,0,178,188,91,-1
2916,0,155,189,93,-1
2917,0,151,189,91,-0.8
2918,0,156,189,91,-0.8
2919,0,170,189,91,-0.8
2920,0,172,189,91,-0.8
2921,0,175,189,91,-0.8
2922,0,176,189,92,-0.8
2923,0,206,189,93,-1
2924,0,189,189,93,-1
2925,0,157,188,93,-1
2926,0,181,188,93,-1
2927,0,161,188,93,-1
2928,0,183,187,93,-1
2929,0,167,187,93,-1
2930,0,167,187,93,-1
2931,0,163,187,92,-1
2932,0,167,187,92,-1
2933,0,172,187,92,-1
2934,0,180,187,92,-1
2935,0,174,187,93,-1
2936,0,174,187,94,-1
2937,0,186,187,94,-1
2938,0,156,187,94,-1
2939,0,175,187,94,-1
2940,0,175,188,94,-1
2941,0,165,187,94,-1
2942,0,160,188,94,-1
2943,0,178,188,94,-1
2944,0,178,188,94,-0.8
2945,0,149,188,94,-0.8
2946,0,163,188,93,-0.8
2947,0,165,188,93,-0.8
2948,0,183,188,93,-0.8
2949,0,183,189,93,-0.8
2950,0,170,188,93,-0.8
2951,0,164,189,94,-0.8
2952,0,152,188,93,-0.8
2953,0,165,188,93,-0.8
2954,0,161,188,93,-1
2955,0,189,188,94,-1
2956,0,208,188,83,-1
2957,0,201,187,84,-1
2958,0,200,187,84,-1
2959,0,195,186,84,-1
2960,0,195,186,85,-1
2961,0,176,186,86,-1
2962,0,183,185,86,-1
2963,0,191,185,87,-1
2964,0,178,184,87,-1
2965,0,178,184,87,-1
2966,0,200,184,88,-1
2967,0,196,184,89,-1
2968,0,205,184,89,-1
2969,0,198,184,89,-1
2970,0,178,184,89,-1
2971,0,209,184,89,-1
2972,0,176,184,89,-1
2973,0,188,184,90,-1
2974,0,194,184,90,-1
2975,0,194,184,90,-1
2976,0,197,184,90,-1
2977,0,190,183,90,-1
2978,0,176,184,90,-1
2979,0,204,183,90,-1
2980,0,201,184,90,-1
2981,0,194,184,90,-1
2982,0,189,184,90,-1
2983,0,191,184,90,-1
2984,0,188,184,90,-1
2985,0,188,184,91,-1
2986,0,190,185,90,-1
2987,0,189,185,90,-1
2988,0,196,185,90,-1
2989,0,196,185,91,-1
2990,0,193,186,90,-1
2991,0,193,185,90,-1
2992,0,180,186,90,-1
2993,0,197,186,91,-1
2994,0,198,186,91,-1
2995,0,198,186,91,-1
2996,0,198,185,92,-1
2997,0,184,185,91,-1
2998,0,192,185,91,-1
2999,0,184,185,91,-1
3000,0,194,185,91,-1
3001,0,189,185,90,-1
3002,0,220,185,91,-1
3003,0,200,185,91,-1
3004,0,187,185,91,-1
3005,0,198,185,91,-1.2
3006,0,204,185,91,-1.2
3007,0,197,185,92,-1.2
3008,0,182,184,92,-1.2
3009,0,174,184,92,-1.2
3010,0,187,184,92,-1.2
3011,0,184,184,91,-1.2
3012,0,191,184,91,-1.2
3013,0,208,184,91,-1.2
3014,0,185,184,91,-1.2
3015,0,177,184,91,-1.2
3016,0,198,184,91,-1.2
3017,0,183,184,91,-1.2
3018,0,195,184,92,-1.2
3019,0,193,184,92,-1.2
3020,0,193,184,91,-1.2
3021,0,184,184,91,-1.2
3022,0,199,183,91,-1.2
3023,0,194,183,91,-1.2
3024,0,192,183,92,-1.2
3025,0,93,183,92,-1.2
3026,0,93,183,92,-1.2
3027,0,144,182,53,-1.2
3028,0,224,182,53,-1.2
3029,0,224,182,89,-1.2
3030,0,211,181,90,-1.2
3031,0,188,181,90,-1.2
3032,0,175,181,90,-1.2
3033,0,177,181,90,-1.2
3034,0,0,182,90,-1.2
3035,0,0,182,93,-1.2
3036,0,0,182,93,-1.2
3037,0,0,182,93,-1.2
3038,0,0,181,93,-1.2
3039,0,0,181,93,-1.2
3040,0,78,181,22,-1.2
3041,0,217,181,72,-1.2
3042,0,231,181,75,-1.2
3043,0,228,181,79,-1.2
3044,0,214,180,79,-1.2
3045,0,214,180,82,-1.2
3046,0,210,180,84,-1.2
3047,0,226,180,86,-1.2
3048,0,208,180,86,-1.2
3049,0,208,180,87,-1.2
3050,0,212,181,88,-1.2
3051,0,233,180,90,-1.2
3052,0,207,181,90,-1.2
3053,0,211,180,91,-1.2
3054,0,197,180,91,-1.2
3055,0,211,180,92,-1.2
3056,0,211,180,92,-1.2
3057,0,220,180,93,-1.2
3058,0,205,180,93,-1.2
3059,0,178,180,93,-1.2
3060,0,207,180,93,-1.2
3061,0,191,181,93,-1.2
3062,0,176,181,91,-1.2
3063,0,206,181,91,-1.2
3064,0,204,181,91,-1.2
3065,0,204,182,92,-1.2
3066,0,210,182,93,-1.2
3067,0,206,182,93,-1.2
3068,0,199,182,93,-1.4
3069,0,185,182,93,-1.4
3070,0,198,183,93,-1.4
3071,0,209,183,93,-1.4
3072,0,203,184,93,-1.4
3073,0,217,184,94,-1.4
3074,0,203,184,94,-1.4
3075,0,202,185,94,-1.4
3076,0,214,185,95,-1.4
3077,0,215,185,94,-1.4
3078,0,202,185,94,-1.4
3079,0,200,186,94,-1.4
3080,0,215,186,94,-1.4
3081,0,198,186,94,-1.4
3082,0,207,186,94,-1.4
3083,0,202,186,93,-1.4
3084,0,199,186,94,-1.4
3085,0,192,186,94,-1.4
3086,0,207,186,94,-1.4
3087,0,193,186,93,-1.4
3088,0,200,187,93,-1.4
3089,0,194,186,93,-1.4
3090,0,194,187,93,-1.4
3091,0,206,187,93,-1.4
3092,0,199,186,93,-1.4
3093,0,212,187,93,-1.4
3094,0,208,186,94,-1.4
3095,0,210,186,94,-1.4
3096,0,187,186,94,-1.4
3097,0,187,186,93,-1.4
3098,0,181,186,93,-1.4
3099,0,188,186,92,-1.4
3100,0,191,186,92,-1.4
3101,0,179,186,92,-1.4
3102,0,175,185,92,-1.4
3103,0,75,185,93,-1.4
3104,0,75,185,64,-1.4
3105,0,196,185,64,-1.4
3106,0,196,185,88,-1.4
3107,0,17,185,88,-1.4
3108,0,17,185,89,-1.4
3109,0,17,184,19,-1.4
3110,0,211,183,91,-1.4
3111,0,199,183,93,-1.4
3112,0,181,183,93,-1.4
3113,0,175,182,93,-1.4
3114,0,177,182,93,-1.4
3115,0,176,182,93,-1.6
3116,0,149,182,92,-1.6
3117,0,213,181,94,-1.6
3118,0,139,182,95,-1.6
3119,0,118,182,94,-1.6
3120,0,165,182,93,-1.6
3121,0,197,182,92,-1.6
3122,0,188,182,93,-1.6
3123,0,177,182,93,-1.6
3124,0,205,183,94,-1.6
3125,0,155,182,94,-1.6
3126,0,155,183,94,-1.6
3127,0,184,182,94,-1.6
3128,0,175,183,93,-1.6
3129,0,208,182,94,-1.4
3130,0,200,183,94,-1.4
3131,0,180,182,94,-1.4
3132,0,178,183,94,-1.4
3133,0,172,183,94,-1.4
3134,0,174,183,94,-1.4
3135,0,182,182,94,-1.4
3136,0,193,182,94,-1.4
3137,0,180,182,94,-1.4
3138,0,182,183,93,-1.4
3139,0,173,182,93,-1.4
3140,0,180,182,93,-1.4
3141,0,182,182,93,-1.4
3142,0,182,182,94,-1.4
3143,0,185,182,94,-1.4
3144,0,0,182,98,-1.4
3145,0,0,182,98,-1.4
3146,0,0,181,98,-1.4
3147,0,0,180,0,-1.4
3148,0,41,180,13,-1.4
3149,0,199,179,13,-1.4
3150,0,199,179,71,-1.4
3151,0,225,178,78,-1.4
3152,0,231,178,84,-1.4
3153,0,194,178,88,-1.4
3154,0,181,178,88,-1.4
3155,0,181,177,90,-1.4
3156,0,230,177,92,-1.4
3157,0,196,177,95,-1.4
3158,0,199,177,95,-1.4
3159,0,204,177,96,-1.4
3160,0,212,178,97,-1.4
3161,0,177,177,88,-1.4
3162,0,218,177,86,-1.4
3163,0,209,177,87,-1.4
3164,0,229,177,88,-1.4
3165,0,233,177,88,-1.4
3166,0,215,177,89,-1.4
3167,0,214,177,89,-1.4
3168,0,224,177,89,-1.4
3169,0,209,178,89,-1.4
3170,0,209,178,90,-1.6
3171,0,214,177,90,-1.6
3172,0,211,177,91,-1.6
3173,0,211,178,92,-1.6
3174,0,204,178,91,-1.6
3175,0,207,178,91,-1.6
3176,0,220,178,91,-1.6
3177,0,204,179,91,-1.6
3178,0,233,179,91,-1.6
3179,0,217,179,92,-1.6
3180,0,226,179,92,-1.6
3181,0,215,179,92,-1.6
3182,0,218,180,92,-1.6
3183,0,201,180,92,-1.6
3184,0,199,181,92,-1.6
3185,0,207,181,92,-1.6
3186,0,218,181,92,-1.6
3187,0,206,181,92,-1.6
3188,0,208,182,92,-1.6
3189,0,220,182,92,-1.6
3190,0,219,182,93,-1.6
3191,0,209,182,93,-1.6
3192,0,204,182,93,-1.6
3193,0,210,182,93,-1.6
3194,0,213,182,93,-1.6
3195,0,186,182,93,-1.6
3196,0,224,182,93,-1.6
3197,0,191,182,93,-1.6
3198,0,213,182,93,-1.6
3199,0,205,183,92,-1.6
3200,0,197,183,92,-1.6
3201,0,197,183,92,-1.6
3202,0,218,184,92,-1.6
3203,0,215,184,92,-1.6
3204,0,217,184,92,-1.6
3205,0,222,184,92,-1.6
3206,0,227,184,93,-1.6
3207,0,202,184,93,-1.6
3208,0,205,184,92,-1.6
3209,0,201,184,92,-1.6
3210,0,208,183,92,-1.6
3211,0,182,184,92,-1.6
3212,0,191,183,91,-1.6
3213,0,190,183,91,-1.6
3214,0,230,183,92,-1.6
3215,0,188,183,92,-1.6
3216,0,188,182,91,-1.6
3217,0,187,182,90,-1.6
3218,0,212,182,90,-1.6
3219,0,207,182,91,-1.6
3220,0,211,183,90,-1.6
3221,0,214,182,90,-1.6
3222,0,223,183,91,-1.6
3223,0,192,183,91,-1.6
3224,0,210,184,91,-1.6
3225,0,205,184,91,-1.6
3226,0,205,185,91,-1.6
3227,0,189,185,90,-1.6
3228,0,210,185,90,-1.6
3229,0,224,186,90,-1.6
3230,0,200,186,90,-1.6
3231,0,197,186,90,-1.6
3232,0,202,187,89,-1.6
3233,0,206,186,89,-1.6
3234,0,201,187,89,-1.6
3235,0,211,188,89,-1.6
3236,0,211,188,89,-1.6
3237,0,219,188,90,-1.6
3238,0,216,188,91,-1.6
3239,0,212,187,91,-1.6
3240,0,185,188,91,-1.6
3241,0,206,188,91,-1.6
3242,0,204,188,91,-1.6
3243,0,208,188,91,-1.6
3244,0,217,188,92,-1.6
3245,0,202,188,92,-1.6
3246,0,198,188,92,-1.6
3247,0,193,188,92,-1.6
3248,0,228,187,92,-1.6
3249,0,206,187,92,-1.8
3250,0,206,187,92,-1.8
3251,0,216,187,93,-1.8
3252,0,206,187,93,-1.8
3253,0,213,186,92,-1.8
3254,0,214,186,93,-1.8
3255,0,186,186,93,-1.8
3256,0,203,186,92,-1.8
3257,0,215,185,93,-1.8
3258,0,200,185,92,-1.8
3259,0,209,185,92,-1.8
3260,0,203,185,92,-1.8
3261,0,200,186,92,-1.8
3262,0,207,185,92,-1.8
3263,0,217,186,92,-1.8
3264,0,200,186,91,-1.8
3265,0,190,186,91,-1.8
3266,0,222,186,92,-1.8
3267,0,217,186,92,-1.6
3268,0,207,186,91,-1.6
3269,0,220,186,92,-1.6
3270,0,216,186,92,-1.6
3271,0,206,187,92,-1.6
3272,0,201,187,92,-1.6
3273,0,184,187,92,-1.6
3274,0,217,187,92,-1.6
3275,0,219,187,92,-1.6
3276,0,199,187,92,-1.8
3277,0,211,187,92,-1.8
3278,0,216,187,92,-1.8
3279,0,237,188,93,-1.8
3280,0,206,188,93,-1.8
3281,0,206,188,94,-1.8
3282,0,207,188,94,-1.8
3283,0,217,189,94,-1.8
3284,0,192,189,94,-1.8
3285,0,202,189,94,-1.8
3286,0,198,189,93,-1.8
3287,0,200,189,93,-1.8
3288,0,207,189,93,-1.8
3289,0,224,189,93,-1.8
3290,0,215,188,93,-1.8
3291,0,220,189,93,-1.8
3292,0,215,188,94,-1.8
3293,0,226,189,94,-1.8
3294,0,213,189,93,-1.8
3295,0,202,188,93,-1.8
3296,0,205,189,93,-1.8
3297,0,208,188,93,-1.8
3298,0,202,189,93,-1.8
3299,0,213,189,93,-1.8
3300,0,208,189,93,-1.8
3301,0,208,189,93,-1.8
3302,0,203,189,93,-1.8
3303,0,217,189,94,-1.8
3304,0,214,189,94,-1.8
3305,0,188,189,94,-1.8
3306,0,188,190,93,-1.8
3307,0,202,189,93,-1.8
3308,0,206,189,93,-1.8
3309,0,213,189,94,-1.8
3310,0,202,189,94,-1.8
3311,0,217,189,94,-1.8
3312,0,197,189,94,-1.8
3313,0,229,188,95,-1.8
3314,0,185,189,95,-1.8
3315,0,200,188,94,-1.8
3316,0,201,188,94,-1.8
3317,0,199,188,94,-1.8
3318,0,197,188,94,-1.8
3319,0,215,189,94,-1.8
3320,0,213,189,94,-1.8
3321,0,202,189,94,-1.8
3322,0,189,189,93,-1.8
3323,0,196,188,93,-1.8
3324,0,210,189,93,-1.8
3325,0,212,188,93,-1.8
3326,0,203,189,93,-1.8
3327,0,203,188,93,-1.8
3328,0,208,189,93,-1.8
3329,0,223,188,93,-1.8
3330,0,216,189,94,-1.8
3331,0,211,189,94,-1.8
3332,0,217,189,94,-1.8
3333,0,218,189,94,-1.8
3334,0,206,189,94,-1.8
3335,0,197,189,94,-1.8
3336,0,182,189,94,-1.8
3337,0,215,188,95,-1.8
3338,0,202,188,94,-1.8
3339,0,209,188,94,-1.8
3340,0,186,187,93,-1.8
3341,0,204,187,92,-1.8
3342,0,197,187,92,-1.8
3343,0,202,187,92,-1.8
3344,0,201,187,91,-1.8
3345,0,192,187,91,-1.8
3346,0,183,186,91,-1.8
3347,0,183,186,91,-1.8
3348,0,187,186,90,-1.8
3349,0,198,187,90,-1.8
3350,0,205,187,90,-1.8
3351,0,225,187,90,-1.8
3352,0,225,187,91,-1.8
3353,0,198,187,92,-1.8
3354,0,194,187,92,-1.8
3355,0,164,187,92,-1.8
3356,0,212,187,92,-1.8
3357,0,212,188,91,-1.8
3358,0,204,188,92,-1.8
3359,0,208,188,93,-1.8
3360,0,205,188,93,-1.8
3361,0,205,187,92,-1.8
3362,0,198,187,92,-1.8
3363,0,219,187,93,-1.8
3364,0,194,187,93,-1.8
3365,0,200,187,94,-1.8
3366,0,213,187,94,-1.8
3367,0,213,187,93,-1.8
3368,0,221,187,94,-1.8
3369,0,206,187,94,-1.8
3370,0,203,187,94,-1.8
3371,0,234,187,94,-1.8
3372,0,191,187,94,-1.8
3373,0,221,187,94,-1.8
3374,0,186,186,94,-1.8
3375,0,196,186,93,-2
3376,0,204,186,93,-2
3377,0,204,186,93,-2
3378,0,187,186,93,-2
3379,0,201,186,93,-2
3380,0,193,186,93,-2
3381,0,193,186,93,-2
3382,0,196,186,92,-2
3383,0,204,187,92,-2
3384,0,182,186,92,-2
3385,0,197,186,92,-2
3386,0,234,186,92,-2
3387,0,185,186,93,-2
3388,0,204,186,92,-2
3389,0,191,186,92,-2
3390,0,207,186,92,-2
3391,0,199,186,92,-2
3392,0,199,186,92,-2
3393,0,213,186,93,-2
3394,0,198,186,93,-2
3395,0,187,186,92,-2
3396,0,239,185,93,-2
3397,0,185,185,93,-2
3398,0,187,185,92,-2
3399,0,206,185,92,-2
3400,0,222,185,92,-2
3401,0,222,184,92,-2
3402,0,190,185,92,-2
3403,0,205,185,92,-2
3404,0,215,185,92,-2
3405,0,231,185,93,-2
3406,0,214,186,93,-2
3407,0,165,186,93,-2
3408,0,230,187,93,-2
3409,0,172,187,92,-2
3410,0,203,188,92,-2
3411,0,200,188,92,-2
3412,0,199,188,92,-2
3413,0,199,189,92,-2
3414,0,202,189,92,-2
3415,0,181,189,92,-2
3416,0,207,189,92,-2
3417,0,207,189,92,-2
3418,0,196,190,92,-2
3419,0,200,190,92,-2
3420,0,198,189,92,-2
3421,0,201,190,93,-2
3422,0,207,190,93,-2
3423,0,198,190,93,-2
3424,0,190,189,93,-2
3425,0,192,189,92,-2
3426,0,214,190,93,-2
3427,0,198,189,93,-2
3428,0,199,189,93,-2
3429,0,207,189,93,-2
3430,0,170,189,93,-2
3431,0,209,189,93,-2
3432,0,209,189,93,-2
3433,0,213,189,93,-2
3434,0,210,189,93,-2
3435,0,210,189,94,-2
3436,0,203,189,94,-2
3437,0,209,189,94,-2
3438,0,199,189,94,-2
3439,0,179,189,93,-2
3440,0,208,189,93,-2
3441,0,211,189,93,-2
3442,0,219,188,93,-2
3443,0,222,189,94,-2
3444,0,208,189,94,-2
3445,0,201,188,94,-2
3446,0,201,189,94,-2
3447,0,215,188,94,-2
3448,0,203,189,94,-2
3449,0,207,189,94,-2
3450,0,188,189,94,-2
3451,0,188,188,94,-2
3452,0,204,189,95,-2
3453,0,207,189,94,-2
3454,0,187,189,94,-2
3455,0,193,189,94,-2
3456,0,200,189,94,-2
3457,0,192,188,94,-2
3458,0,197,189,94,-2
3459,0,206,188,93,-2
3460,0,198,187,93,-2
3461,0,200,187,93,-2
3462,0,212,187,94,-2.2
3463,0,221,186,94,-2.2
3464,0,217,186,94,-2.2
3465,0,228,186,95,-2.2
3466,0,206,186,95,-2.2
3467,0,212,186,95,-2.2
3468,0,220,186,95,-2.2
3469,0,198,186,95,-2.2
3470,0,195,185,95,-2.2
3471,0,194,186,95,-2.2
3472,0,203,186,95,-2.2
3473,0,203,186,95,-2.2
3474,0,221,185,95,-2.2
3475,0,205,186,95,-2.2
3476,0,200,186,95,-2.2
3477,0,200,186,94,-2.2
3478,0,206,186,94,-2.2
3479,0,209,186,94,-2.2
3480,0,219,185,94,-2.2
3481,0,225,185,94,-2.2
3482,0,227,186,94,-2.2
3483,0,227,185,95,-2.2
3484,0,219,186,94,-2.2
3485,0,208,185,94,-2.2
3486,0,211,185,94,-2.2
3487,0,225,186,94,-2.2
3488,0,222,186,94,-2.2
3489,0,208,186,94,-2.2
3490,0,219,186,95,-2.2
3491,0,230,186,95,-2.2
3492,0,217,186,95,-2.2
3493,0,215,187,95,-2.2
3494,0,210,186,95,-2.2
3495,0,204,186,95,-2.2
3496,0,195,187,94,-2.2
3497,0,210,186,94,-2.2
3498,0,199,186,93,-2.2
3499,0,106,186,69,-2.2
3500,0,228,186,90,-2.2
3501,0,245,186,91,-2.2
3502,0,226,185,92,-2.2
3503,0,247,185,92,-2.2
3504,0,176,186,91,-2.2
3505,0,198,186,92,-2.2
3506,0,210,185,93,-2.2
3507,0,202,185,93,-2.2
3508,0,202,185,93,-2.2
3509,0,178,184,93,-2.2
3510,0,213,184,93,-2.2
3511,0,195,185,93,-2.2
3512,0,212,185,93,-2.2
3513,0,207,185,93,-2.2
3514,0,200,185,93,-2.2
3515,0,233,186,93,-2.2
3516,0,228,186,94,-2.2
3517,0,200,186,94,-2.2
3518,0,223,186,94,-2.2
3519,0,213,186,94,-2.2
3520,0,213,187,94,-2.2
3521,0,211,187,94,-2.2
3522,0,200,187,94,-2.2
3523,0,239,187,94,-2.2
3524,0,226,187,94,-2.2
3525,0,194,187,94,-2.2
3526,0,214,187,94,-2.2
3527,0,211,187,94,-2.2
3528,0,211,188,94,-2.2
3529,0,204,187,94,-2.2
3530,0,208,188,94,-2.2
3531,0,200,188,94,-2.2
3532,0,199,188,94,-2.2
3533,0,199,188,94,-2.2
3534,0,224,188,94,-2.2
3535,0,206,188,93,-2.2
3536,0,230,187,94,-2.2
3537,0,215,188,95,-2.2
3538,0,206,187,95,-2.2
3539,0,204,188,94,-2.2
3540,0,199,188,93,-2.2
3541,0,191,188,93,-2.2
3542,0,212,188,93,-2.2
3543,0,226,188,93,-2.2
3544,0,213,188,94,-2.2
3545,0,195,188,94,-2.2
3546,0,208,188,93,-2.2
3547,0,212,189,94,-2.2
3548,0,215,188,94,-2.2
3549,0,201,188,95,-2.2
3550,0,209,188,95,-2.2
3551,0,199,187,95,-2.2
3552,0,210,187,94,-2.2
3553,0,203,187,94,-2.2
3554,0,199,186,93,-2.2
3555,0,190,186,92,-2.2
3556,0,222,186,93,-2.2
3557,0,205,186,93,-2.2
3558,0,205,186,94,-2.2
3559,0,189,186,93,-2.2
3560,0,202,186,92,-2.2
3561,0,190,186,92,-2.2
3562,0,190,186,92,-2.2
3563,0,201,186,91,-2.2
3564,0,199,186,91,-2.2
3565,0,200,186,92,-2.2
3566,0,187,186,92,-2.2
3567,0,187,186,92,-2.2
3568,0,210,186,92,-2.2
3569,0,196,186,93,-2.2
3570,0,193,186,92,-2.2
3571,0,203,186,92,-2.2
3572,0,195,186,92,-2.2
3573,0,195,186,92,-2.2
3574,0,194,186,92,-2.2
3575,0,186,186,91,-2.2
3576,0,168,186,91,-2.2
3577,0,202,186,90,-2.2
3578,0,204,186,90,-2.2
3579,0,193,186,91,-2.2
3580,0,208,185,91,-2.2
3581,0,212,185,92,-2.2
3582,0,198,186,92,-2.2
3583,0,198,186,92,-2.2
3584,0,193,186,92,-2.2
3585,0,197,186,92,-2.2
3586,0,190,186,92,-2.2
3587,0,191,186,92,-2.2
3588,0,191,186,92,-2.2
3589,0,204,186,93,-2.2
3590,0,201,187,93,-2.2
3591,0,190,187,92,-2.2
3592,0,211,186,92,-2.2
3593,0,196,187,92,-2.2
3594,0,197,187,92,-2.2
3595,0,176,187,91,-2.2
3596,0,175,187,91,-2.2
3597,0,192,187,90,-2.2
3598,0,200,186,90,-2.2
3599,0,206,186,90,-2.2
3600,0,209,186,90,-2.2
3601,0,209,186,91,-2.2
3602,0,218,186,91,-2.2
3603,0,199,186,91,-2.2
3604,0,220,185,92,-2.4
3605,0,199,185,93,-2.4
3606,0,199,186,92,-2.4
3607,0,194,185,92,-2.4
3608,0,207,185,92,-2.4
3609,0,219,186,92,-2.4
3610,0,203,186,92,-2.4
3611,0,189,186,92,-2.4
3612,0,192,186,92,-2.4
3613,0,192,186,92,-2.4
3614,0,201,186,92,-2.4
3615,0,208,187,92,-2.4
3616,0,209,187,92,-2.4
3617,0,207,187,92,-2.4
3618,0,194,187,92,-2.4
3619,0,217,188,92,-2.4
3620,0,188,188,92,-2.4
3621,0,201,188,92,-2.4
3622,0,204,188,92,-2.4
3623,0,210,188,92,-2.4
3624,0,206,188,92,-2.4
3625,0,203,188,92,-2.4
3626,0,206,188,92,-2.4
3627,0,245,188,93,-2.4
3628,0,195,188,93,-2.4
3629,0,194,188,93,-2.4
3630,0,185,188,92,-2.4
3631,0,207,188,92,-2.4
3632,0,202,187,92,-2.4
3633,0,207,187,92,-2.4
3634,0,207,187,92,-2.6
3635,0,190,187,92,-2.6
3636,0,199,186,92,-2.6
3637,0,220,186,93,-2.6
3638,0,201,186,92,-2.6
3639,0,206,185,93,-2.6
3640,0,187,185,93,-2.6
3641,0,211,185,92,-2.6
3642,0,205,185,92,-2.6
3643,0,210,185,92,-2.6
3644,0,212,185,93,-2.6
3645,0,202,185,93,-2.6
3646,0,207,184,93,-2.6
3647,0,207,184,93,-2.6
3648,0,196,184,93,-2.6
3649,0,203,184,93,-2.6
3650,0,191,184,93,-2.6
3651,0,201,184,93,-2.6
3652,0,199,185,93,-2.6
3653,0,192,184,92,-2.6
3654,0,183,184,92,-2.6
3655,0,182,184,91,-2.6
3656,0,99,184,91,-2.6
3657,0,99,184,91,-2.6
3658,0,99,184,59,-2.6
3659,0,202,185,84,-2.6
3660,0,214,184,80,-2.6
3661,0,256,185,82,-2.6
3662,0,230,185,83,-2.6
3663,0,212,184,85,-2.6
3664,0,209,184,87,-2.6
3665,0,193,184,90,-2.6
3666,0,180,185,90,-2.6
3667,0,180,184,93,-2.6
3668,0,205,184,92,-2.6
3669,0,207,185,92,-2.6
3670,0,221,185,92,-2.6
3671,0,183,185,92,-2.6
3672,0,206,185,92,-2.6
3673,0,204,185,92,-2.6
3674,0,198,185,93,-2.6
3675,0,196,185,93,-2.6
3676,0,205,185,92,-2.6
3677,0,205,185,92,-2.6
3678,0,218,185,93,-2.6
3679,0,198,185,93,-2.6
3680,0,213,185,93,-2.6
3681,0,209,185,93,-2.6
3682,0,104,185,93,-2.6
3683,0,104,185,93,-2.6
3684,0,102,185,38,-2.6
3685,0,243,185,96,-2.6
3686,0,183,185,99,-2.6
3687,0,179,185,98,-2.6
3688,0,183,184,98,-2.6
3689,0,188,184,99,-2.6
3690,0,184,184,98,-2.6
3691,0,185,184,98,-2.6
3692,0,185,184,98,-2.6
3693,0,170,184,97,-2.6
3694,0,186,185,96,-2.6
3695,0,193,185,96,-2.8
3696,0,181,185,96,-2.8
3697,0,182,185,96,-2.8
3698,0,188,186,97,-2.8
3699,0,173,186,96,-2.8
3700,0,189,187,96,-2.8
3701,0,185,187,96,-2.8
3702,0,192,187,96,-2.8
3703,0,188,188,96,-2.8
3704,0,171,188,96,-2.8
3705,0,179,188,96,-2.8
3706,0,190,188,95,-2.8
3707,0,200,188,96,-2.8
3708,0,186,188,96,-2.8
3709,0,172,189,95,-2.8
3710,0,177,189,95,-2.8
3711,0,180,189,95,-2.8
3712,0,176,190,95,-2.8
3713,0,173,190,95,-2.8
3714,0,172,190,95,-2.8
3715,0,169,190,95,-2.8
3716,0,171,190,95,-2.8
3717,0,0,190,98,-2.8
3718,0,0,190,98,-2.8
3719,0,0,190,98,-2.8
3720,0,0,190,0,-2.8
3721,0,0,189,0,-2.8
3722,0,0,189,0,-2.8
3723,0,0,190,0,-2.8
3724,0,16,190,10,-2.8
3725,0,123,190,57,-2.8
3726,0,185,190,65,-2.8
3727,0,149,189,70,-2.8
3728,0,156,189,73,-2.8
3729,0,169,189,75,-2.8
3730,0,153,189,77,-2.8
3731,0,174,189,79,-2.8
3732,0,173,189,81,-2.8
3733,0,177,188,82,-2.8
3734,0,170,188,84,-2.8
3735,0,164,188,84,-2.8
3736,0,167,188,86,-2.8
3737,0,158,188,87,-2.8
3738,0,156,188,87,-2.8
3739,0,156,187,87,-2.8
3740,0,162,188,87,-2.8
3741,0,160,187,87,-2.8
3742,0,33,187,89,-2.8
3743,0,33,187,89,-2.8
3744,0,34,187,24,-2.8
3745,0,198,187,74,-2.8
3746,0,191,187,78,-2.8
3747,0,160,186,78,-2.6
3748,0,160,186,82,-2.6
3749,0,188,185,83,-2.6
3750,0,228,185,86,-2.6
3751,0,217,184,90,-2.6
3752,0,166,183,92,-2.8
3753,0,178,183,92,-2.8
3754,0,184,183,92,-2.8
3755,0,184,182,93,-2.8
3756,0,178,182,93,-2.8
3757,0,187,182,94,-2.8
3758,0,193,182,94,-2.8
3759,0,193,181,95,-2.8
3760,0,175,181,96,-2.8
3761,0,170,181,97,-2.8
3762,0,243,181,91,-2.8
3763,0,213,180,86,-2.8
3764,0,209,180,87,-2.8
3765,0,215,180,88,-2.8
3766,0,172,179,89,-2.8
3767,0,198,179,89,-2.8
3768,0,213,179,89,-2.8
3769,0,196,179,90,-2.8
3770,0,203,179,91,-2.8
3771,0,211,179,91,-2.8
3772,0,205,178,91,-2.8
3773,0,206,178,91,-2.8
3774,0,206,178,91,-2.8
3775,0,203,178,92,-2.8
3776,0,189,178,92,-2.8
3777,0,0,178,93,-2.8
3778,0,0,178,93,-2.8
3779,0,0,178,93,-2.8
3780,0,41,177,17,-2.8
3781,0,237,177,72,-2.8
3782,0,243,176,75,-2.8
3783,0,240,176,75,-2.8
3784,0,240,176,79,-2.8
3785,0,230,176,83,-2.8
3786,0,231,175,85,-2.8
3787,0,198,176,87,-2.8
3788,0,183,175,87,-2.8
3789,0,164,175,87,-2.8
3790,0,261,175,88,-2.8
3791,0,197,175,89,-2.8
3792,0,215,175,90,-2.8
3793,0,177,175,83,-2.8
3794,0,17,175,83,-2.8
3795,0,17,175,73,-2.8
3796,0,79,175,81,-2.8
3797,0,133,175,78,-2.8
3798,0,131,175,78,-2.8
3799,0,131,174,68,-2.8
3800,0,92,174,83,-2.8
3801,0,177,173,85,-2.8
3802,0,158,172,87,-2.8
3803,0,141,171,87,-2.8
3804,0,112,170,90,-2.8
3805,0,110,169,98,-2.8
3806,0,13,169,101,-2.8
3807,0,29,168,107,-2.8
3808,0,196,168,107,-2.8
3809,0,196,168,103,-2.8
3810,0,93,168,79,-2.8
3811,0,80,168,105,-2.8
3812,0,65,168,87,-2.8
3813,0,67,167,87,-2.8
3814,0,67,167,91,-2.8
3815,0,15,167,96,-2.8
3816,0,34,167,110,-2.8
3817,0,120,166,117,-2.8
3818,0,72,166,117,-2.8
3819,0,72,165,89,-2.8
3820,0,76,165,77,-2.8
3821,0,46,165,77,-2.8
3822,0,12,164,79,-2.8
3823,0,147,164,79,-2.8
3824,0,147,163,80,-2.8
3825,0,41,163,63,-2.8
3826,0,0,162,62,-2.8
3827,0,0,162,62,-2.8
3828,0,0,161,62,-2.8
3829,0,0,160,0,-2.8
3830,0,24,160,17,-2.8
3831,0,108,158,50,-2.8
3832,0,93,157,62,-2.8
3833,0,117,156,81,-2.8
3834,0,171,156,97,-2.8
3835,0,95,156,97,-2.8
3836,0,0,156,97,-2.8
3837,0,0,156,97,-2.8
3838,0,0,156,0,-2.8
3839,0,0,157,0,-2.8
3840,0,102,157,65,-2.8
3841,0,685,158,91,-2.8
3842,0,697,159,105,-2.8
3843,0,730,160,115,-2.8
3844,0,783,162,124,-2.8
3845,0,360,163,133,-2.8
3846,0,0,165,133,-2.8
3847,0,0,166,133,-2.8
3848,0,0,167,137,-2.8
3849,0,0,169,137,-2.8
3850,0,10,170,24,-2.8
3851,0,43,171,93,-2.8
3852,0,0,172,74,-2.8
3853,0,0,172,74,-2.8
3854,0,0,173,85,-2.8
3855,0,7,173,77,-2.8
3856,0,0,173,82,-2.8
3857,0,0,173,85,-2.8
3858,0,0,172,85,-2.8
3859,0,0,172,85,-2.8
3860,0,0,172,0,-2.8
3861,0,62,172,26,-2.8
3862,0,130,173,84,-2.8
3863,0,125,173,87,-2.8
3864,0,103,173,90,-2.8
3865,0,0,173,90,-2.8
3866,0,0,173,93,-2.8
3867,0,0,173,93,-2.8
3868,0,27,173,16,-2.8
3869,0,107,172,77,-2.8
3870,0,94,172,77,-2.8
3871,0,40,172,69,-2.8
3872,0,99,171,80,-2.8
3873,0,0,171,80,-2.8
3874,0,0,170,85,-2.8
3875,0,0,170,85,-2.8
3876,0,0,169,0,-2.8
3877,0,0,168,0,-2.8
3878,0,0,167,0,-2.8
3879,0,48,166,20,-2.8
3880,0,140,166,82,-2.8
3881,0,104,165,87,-3
3882,0,46,164,89,-3
3883,0,46,163,89,-3
3884,0,48,162,60,-3
3885,0,99,162,84,-3
3886,0,101,161,87,-3
3887,0,89,161,88,-3
3888,0,77,159,89,-3
3889,0,30,159,89,-3
3890,0,31,158,50,-3
3891,0,131,157,83,-3
3892,0,104,157,84,-3
3893,0,105,156,86,-3
3894,0,123,155,88,-3
3895,0,98,155,91,-3
3896,0,0,155,93,-3
3897,0,0,154,93,-3
3898,0,0,153,93,-3
3899,0,29,152,18,-3
3900,0,124,150,71,-3
3901,0,107,150,77,-3
3902,0,101,149,83,-3
3903,0,111,149,83,-3
3904,0,111,149,84,-3
3905,0,93,149,88,-3
3906,0,87,149,87,-3
3907,0,107,148,88,-3
3908,0,99,148,89,-3
3909,0,97,148,90,-3
3910,0,88,148,91,-3
3911,0,95,148,87,-3
3912,0,32,147,85,-3
3913,0,32,147,49,-3
3914,0,30,147,49,-3
3915,0,30,146,59,-3
3916,0,17,146,59,-3
3917,0,17,145,59,-3
3918,0,17,145,60,-3
3919,0,64,145,77,-3
3920,0,22,145,79,-3
3921,0,23,145,30,-3
3922,0,102,145,72,-3
3923,0,0,144,72,-3
3924,0,0,144,72,-3
3925,0,0,145,73,-3
3926,0,0,145,73,-3
3927,0,0,145,73,-3
3928,0,0,145,0,-3
3929,0,0,145,0,-3
3930,0,0,145,73,-3
3931,0,0,146,73,-3
3932,0,0,145,73,-3
3933,0,0,146,0,-3
3934,0,0,146,0,-3
3935,0,0,146,73,-3
3936,0,0,147,73,-3
3937,0,0,147,73,-3
3938,0,0,148,73,-3
3939,0,0,148,73,-3
3940,0,0,148,73,-3
3941,0,0,148,73,-3
3942,0,0,148,73,-3
3943,0,0,149,73,-3
3944,0,0,149,0,-3
3945,0,0,150,0,-3
3946,0,0,150,0,-3
3947,0,0,151,0,-3
